danceability,energy,key,loudness,mode,speechiness,acousticness,instrumentalness,liveness,valence,tempo
0.808,0.414,5,-10.95,1,0.038,0.864,0.000118,0.174,0.609,115.041
0.556,0.413,9,-7.261,1,0.0791,0.908,3.38e-06,0.0924,0.191,113.086
0.617,0.364,10,-7.568,1,0.0253,0.572,5.35e-06,0.153,0.269,97.478
0.505,0.452,0,-10.141,1,0.0318,0.865,1.96e-05,0.17,0.131,149.896
0.449,0.343,0,-10.061,1,0.0377,0.864,5.52e-06,0.0753,0.484,77.361
0.595,0.362,0,-7.824,1,0.0298,0.909,0.000891,0.0946,0.145,80.005
0.656,0.293,6,-11.125,1,0.0323,0.728,0,0.159,0.278,115.972
0.719,0.194,7,-10.974,1,0.0361,0.849,4.97e-05,0.0862,0.219,125.952
0.755,0.412,1,-9.383,1,0.0441,0.701,2.14e-05,0.0798,0.502,132.011
0.374,0.281,9,-6.495,1,0.0342,0.888,0,0.0976,0.199,145.639
0.535,0.661,0,-7.797,1,0.0314,0.716,2.23e-05,0.125,0.337,135.054
0.775,0.358,9,-6.473,0,0.0527,0.861,0,0.415,0.524,139.982
0.487,0.371,2,-9.73,1,0.0306,0.595,4.11e-06,0.126,0.17,135.865
0.625,0.212,0,-9.856,1,0.0336,0.958,0.00157,0.131,0.221,126.589
0.48,0.353,1,-8.391,1,0.0319,0.689,0.000186,0.156,0.319,135.824
0.559,0.465,10,-6.219,1,0.0241,0.524,1.07e-06,0.12,0.324,79.961
0.541,0.339,1,-6.499,1,0.0268,0.742,0.000109,0.186,0.215,135.757
0.535,0.0646,2,-15.395,1,0.0381,0.954,0.000102,0.1,0.143,134.578
0.463,0.0887,1,-13.167,1,0.0393,0.952,0.000112,0.115,0.157,137.015
0.523,0.248,9,-16.656,1,0.0597,0.956,4.14e-05,0.119,0.356,110.692
0.419,0.811,11,-5.263,1,0.0364,0.101,0,0.307,0.563,165.966
0.477,0.814,8,-6.363,1,0.0324,0.126,0,0.166,0.443,149.985
0.176,0.831,10,-3.755,1,0.041,0.0316,0,0.104,0.284,164.316
0.425,0.792,7,-5.252,1,0.0505,0.319,0,0.128,0.367,140.007
0.475,0.718,10,-6.463,1,0.0457,0.565,0,0.186,0.522,143.986
0.455,0.81,8,-4.996,1,0.0394,0.0432,0,0.329,0.482,152.039
0.445,0.783,7,-4.879,0,0.0317,0.245,0,0.144,0.347,135.981
0.361,0.846,4,-3.717,1,0.0337,0.132,6.53e-05,0.286,0.443,104.932
0.408,0.827,2,-3.356,1,0.0363,0.00736,0,0.226,0.295,130.256
0.604,0.737,10,-6.575,0,0.0372,0.16,0,0.115,0.36,154.173
0.69,0.3,6,-9.204,1,0.039,0.769,1.69e-06,0.123,0.646,81.983
0.536,0.646,1,-6.98,1,0.0393,0.154,0.000106,0.194,0.152,162.004
0.734,0.388,8,-12.892,1,0.182,0.613,0,0.146,0.524,148.881
0.576,0.708,10,-6.07,1,0.0352,0.365,5.62e-06,0.264,0.544,160.096
0.831,0.583,0,-7.752,0,0.153,0.436,0,0.0699,0.69,137.991
0.587,0.576,5,-9.491,1,0.043,0.114,2.03e-05,0.191,0.508,149.826
0.796,0.416,5,-15.724,1,0.231,0.153,1.74e-06,0.106,0.457,93.0
0.813,0.733,4,-7.091,1,0.155,0.0468,0,0.169,0.733,149.152
0.733,0.405,3,-11.43,1,0.0736,0.641,0.000676,0.162,0.45,89.512
0.726,0.569,1,-8.198,0,0.0981,0.253,0,0.121,0.309,94.982
0.568,0.552,8,-10.349,0,0.0489,0.54,0,0.161,0.279,154.136
0.754,0.861,2,-6.099,1,0.102,0.14,6.53e-06,0.0543,0.318,149.964
0.632,0.769,6,-5.98,1,0.144,0.133,0,0.249,0.29,99.815
0.628,0.745,0,-8.784,0,0.0676,0.241,0,0.145,0.516,160.009
0.762,0.715,11,-7.933,1,0.164,0.076,0,0.122,0.336,99.979
0.841,0.726,7,-6.397,1,0.0874,0.341,0,0.267,0.814,124.988
0.756,0.742,6,-6.565,0,0.0695,0.0565,2.05e-06,0.0764,0.843,155.039
0.517,0.467,0,-7.222,1,0.0442,0.724,0,0.0908,0.453,199.815
0.494,0.395,6,-8.653,1,0.0301,0.887,1.43e-05,0.058,0.179,141.464
0.444,0.444,4,-6.207,0,0.0339,0.789,0.000573,0.409,0.262,200.82
0.779,0.881,10,-3.793,1,0.28,0.71,0,0.0815,0.728,77.503
0.584,0.46,6,-8.698,1,0.0317,0.495,0,0.132,0.173,135.89
0.806,0.902,3,-3.371,0,0.086,0.455,0,0.075,0.663,139.99
0.603,0.561,10,-7.399,1,0.0254,0.296,1.1e-06,0.146,0.141,103.981
0.632,0.685,2,-5.138,0,0.0382,0.616,0,0.152,0.33,115.979
0.683,0.529,10,-8.92,1,0.0327,0.584,0,0.358,0.395,91.426
0.707,0.548,2,-7.784,1,0.0337,0.858,0.000267,0.205,0.416,92.991
0.71,0.552,5,-10.257,1,0.0694,0.761,1.22e-05,0.0921,0.617,139.904
0.66,0.578,9,-8.591,1,0.0306,0.45,8.86e-05,0.103,0.19,127.092
0.676,0.4,7,-10.771,0,0.0405,0.855,2.71e-06,0.124,0.347,90.028
0.649,0.624,7,-5.53,1,0.0539,0.704,0,0.0774,0.221,94.863
0.745,0.527,6,-8.09,1,0.0786,0.571,0,0.11,0.385,95.034
0.822,0.684,0,-5.873,1,0.239,0.643,0,0.104,0.376,94.016
0.699,0.69,0,-6.433,1,0.185,0.418,0,0.105,0.637,139.973
0.625,0.471,9,-10.556,0,0.242,0.673,0,0.0979,0.808,170.052
0.536,0.437,4,-11.655,1,0.0329,0.707,0.0203,0.0854,0.223,78.039
0.694,0.557,0,-7.097,1,0.0804,0.787,0.00688,0.115,0.485,145.954
0.582,0.662,2,-5.261,1,0.0352,0.0682,0,0.205,0.528,155.976
0.889,0.415,0,-9.801,1,0.0562,0.669,0,0.112,0.531,127.063
0.52,0.853,0,-5.249,1,0.0304,0.0451,0.000959,0.144,0.328,91.993
0.5,0.462,10,-9.153,1,0.0273,0.883,0.00349,0.128,0.107,140.075
0.705,0.72,8,-7.135,0,0.0291,0.639,0.515,0.108,0.634,110.961
0.746,0.724,10,-3.976,0,0.0498,0.119,2.09e-05,0.0506,0.596,95.003
0.71,0.721,3,-4.849,0,0.0404,0.0945,0.000225,0.156,0.829,96.022
0.758,0.908,2,-1.497,0,0.0352,0.257,0,0.0759,0.88,124.982
0.536,0.882,9,-5.832,0,0.548,0.695,0.686,0.0633,0.491,200.032
0.429,0.364,7,-10.006,1,0.0547,0.455,0,0.0907,0.0857,173.63
0.442,0.349,0,-10.676,1,0.0307,0.847,1.36e-06,0.136,0.365,135.978
0.422,0.292,0,-10.722,1,0.0302,0.896,0,0.15,0.244,138.143
0.446,0.383,10,-8.88,1,0.0294,0.739,0,0.0968,0.259,159.91
0.435,0.297,0,-9.322,1,0.0277,0.572,0,0.0792,0.228,137.993
0.475,0.306,0,-10.393,1,0.0317,0.507,0,0.103,0.0866,73.028
0.766,0.783,0,-4.292,1,0.0305,0.622,0,0.0942,0.683,91.996
0.459,0.426,10,-8.929,1,0.0397,0.746,0,0.112,0.466,169.875
0.646,0.713,0,-6.192,1,0.0609,0.53,0,0.114,0.222,94.984
0.565,0.295,0,-9.065,1,0.0276,0.789,0,0.144,0.256,121.897
0.767,0.818,6,-5.52,1,0.104,0.153,0,0.161,0.448,125.908
0.72,0.639,10,-7.891,1,0.0325,0.673,0,0.0943,0.698,111.99
0.665,0.49,8,-8.416,1,0.0558,0.83,0,0.108,0.763,95.922
0.505,0.187,7,-12.079,1,0.0497,0.812,0,0.115,0.287,115.862
0.762,0.356,0,-15.763,1,0.361,0.873,1e-05,0.187,0.571,80.946
0.45,0.395,3,-7.867,1,0.0366,0.615,2.77e-06,0.122,0.114,119.587
0.632,0.579,11,-8.352,1,0.0602,0.187,1.93e-06,0.101,0.503,155.984
0.659,0.216,7,-16.081,1,0.0303,0.455,4.64e-06,0.092,0.174,94.004
0.638,0.355,11,-7.637,1,0.0882,0.8,0,0.11,0.815,145.148
0.322,0.396,3,-11.531,1,0.0358,0.281,0,0.103,0.176,119.07
0.908,0.773,4,-7.402,0,0.0634,0.0693,0.197,0.0673,0.895,128.004
0.721,0.316,5,-16.045,1,0.242,0.788,0.0968,0.083,0.0931,171.992
0.736,0.588,7,-7.408,1,0.0396,0.783,0.000172,0.108,0.431,107.976
0.587,0.306,5,-10.622,0,0.0296,0.721,0.011,0.241,0.608,126.872
0.748,0.474,7,-11.228,0,0.0354,0.206,9.43e-05,0.0832,0.446,124.976
0.724,0.668,6,-4.035,0,0.058,0.555,1.57e-06,0.194,0.427,135.046
0.716,0.549,0,-5.086,0,0.0304,0.507,1.56e-06,0.164,0.556,100.01
0.768,0.318,5,-11.193,1,0.0355,0.8,0.00268,0.14,0.259,114.973
0.733,0.432,7,-9.624,1,0.0292,0.495,0,0.193,0.673,95.988
0.67,0.618,9,-5.467,0,0.0377,0.128,0,0.0534,0.251,147.015
0.542,0.536,1,-7.222,1,0.0309,0.682,2.81e-05,0.105,0.535,129.872
0.729,0.494,7,-8.318,0,0.0284,0.675,2.08e-05,0.187,0.143,95.04
0.532,0.553,8,-6.215,0,0.0648,0.501,0,0.0962,0.361,189.17
0.572,0.513,9,-6.078,0,0.0358,0.148,1.41e-06,0.0597,0.528,116.397
0.875,0.782,5,-3.905,0,0.078,0.151,0,0.113,0.906,108.038
0.874,0.787,10,-2.416,0,0.129,0.118,0,0.11,0.896,108.007
0.828,0.61,1,-4.23,1,0.0528,0.00544,0,0.158,0.311,126.011
0.775,0.865,1,-2.015,1,0.307,0.0453,0,0.261,0.663,175.12
0.855,0.58,5,-6.951,1,0.141,0.234,0,0.0965,0.518,96.998
0.808,0.831,6,-3.648,0,0.323,0.0449,0,0.0917,0.838,98.099
0.469,0.819,3,-3.469,0,0.306,0.0592,0,0.178,0.334,89.013
0.697,0.777,9,-5.041,0,0.209,0.0564,0,0.339,0.821,165.035
0.748,0.753,9,-4.603,1,0.116,0.0162,0,0.185,0.748,109.496
0.629,0.886,0,-2.105,0,0.303,0.0177,0,0.296,0.83,141.036
0.264,0.64,8,-6.221,1,0.0442,0.0393,2.31e-06,0.151,0.19,84.828
0.789,0.572,9,-6.227,1,0.0566,0.0155,2.06e-05,0.0955,0.561,112.01
0.751,0.642,3,-5.165,0,0.087,0.0861,0,0.0953,0.388,95.045
0.748,0.672,9,-5.682,1,0.057,0.00487,6.71e-06,0.242,0.536,111.939
0.396,0.483,8,-10.487,1,0.221,0.781,5.94e-05,0.111,0.0709,157.625
0.572,0.672,2,-5.553,0,0.0296,0.0381,2.96e-06,0.514,0.285,99.21
0.847,0.551,3,-7.132,0,0.142,0.06,4.37e-06,0.162,0.515,95.036
0.523,0.506,7,-8.436,0,0.0371,0.234,0,0.105,0.246,139.975
0.595,0.458,8,-8.627,1,0.0266,0.00786,0.875,0.14,0.192,87.521
0.644,0.872,6,-1.54,0,0.0417,0.164,0,0.363,0.378,131.016
0.744,0.747,11,-4.281,0,0.0824,0.00691,2.03e-06,0.0739,0.368,120.077
0.757,0.898,11,-1.247,0,0.0667,0.0138,0,0.0703,0.842,114.949
0.727,0.879,9,-1.167,1,0.129,0.124,1.17e-05,0.244,0.671,146.959
0.82,0.852,11,-2.567,0,0.166,0.488,5.94e-06,0.0907,0.82,109.036
0.612,0.912,2,-2.853,1,0.0796,0.064,0.000799,0.0843,0.472,90.006
0.586,0.816,7,-6.331,1,0.283,0.0911,2.81e-06,0.235,0.265,119.8
0.782,0.767,0,-5.383,1,0.0529,0.11,0.00323,0.496,0.548,115.027
0.75,0.718,2,-2.817,0,0.0468,0.0814,1.75e-05,0.322,0.592,90.027
0.7,0.753,11,-3.841,0,0.0441,0.0539,1.72e-05,0.072,0.146,97.998
0.547,0.42,7,-10.729,1,0.279,0.886,0.000735,0.11,0.547,173.98
0.686,0.656,5,-6.375,0,0.0562,0.612,5.45e-06,0.394,0.65,138.059
0.66,0.523,3,-9.901,1,0.0476,0.714,1.11e-05,0.357,0.641,90.947
0.372,0.335,9,-6.663,1,0.0286,0.869,0,0.114,0.387,179.56
0.581,0.559,5,-10.413,1,0.0428,0.626,0.000172,0.093,0.257,76.987
0.421,0.568,5,-5.462,1,0.0588,0.758,0.00016,0.257,0.384,200.049
0.516,0.254,9,-10.353,1,0.0329,0.858,7.44e-06,0.158,0.255,112.812
0.613,0.5,10,-8.349,1,0.0277,0.547,0.000181,0.327,0.342,99.998
0.504,0.46,1,-10.211,0,0.196,0.871,0,0.376,0.355,175.478
0.619,0.427,2,-7.142,0,0.0563,0.801,1.88e-06,0.368,0.284,139.757
0.548,0.611,5,-8.065,0,0.0837,0.266,0,0.174,0.401,79.837
0.762,0.295,7,-9.745,1,0.035,0.954,0.00157,0.164,0.284,129.962
0.808,0.41,2,-10.981,0,0.105,0.816,0,0.102,0.361,110.079
0.786,0.358,5,-10.913,1,0.0379,0.875,0.000361,0.0718,0.204,120.0
0.707,0.563,5,-9.683,1,0.1,0.842,1.72e-05,0.124,0.382,167.989
0.779,0.407,0,-11.293,1,0.0598,0.861,2.85e-06,0.102,0.729,140.028
0.782,0.497,5,-6.495,1,0.0404,0.818,0,0.112,0.507,113.996
0.641,0.574,7,-10.018,1,0.0637,0.757,0,0.355,0.506,169.972
0.626,0.476,8,-9.921,0,0.0639,0.445,1.48e-06,0.11,0.341,100.136
0.719,0.423,2,-11.338,1,0.101,0.872,0.00281,0.14,0.353,117.012
0.855,0.546,11,-7.492,0,0.0324,0.751,0.0111,0.104,0.463,107.983
0.698,0.587,6,-4.318,0,0.0569,0.717,1.5e-06,0.192,0.569,88.006
0.618,0.442,5,-7.737,1,0.0299,0.828,8.62e-05,0.108,0.402,118.005
0.673,0.376,11,-7.886,0,0.0357,0.915,8.32e-05,0.0973,0.414,104.997
0.737,0.707,2,-3.318,0,0.0386,0.277,0.305,0.0881,0.196,114.972
0.671,0.549,11,-6.142,0,0.0263,0.834,0,0.156,0.563,104.074
0.543,0.26,5,-8.939,1,0.0264,0.882,2.63e-06,0.167,0.338,77.987
0.774,0.578,5,-6.227,0,0.0306,0.552,0.000434,0.0985,0.397,110.018
0.756,0.579,9,-6.216,0,0.0328,0.508,0,0.0266,0.538,116.976
0.815,0.645,5,-6.334,0,0.0509,0.107,0.00579,0.0953,0.684,118.023
0.536,0.341,8,-8.988,1,0.0337,0.863,0.00134,0.152,0.343,129.921
0.775,0.748,0,-5.049,1,0.0545,0.216,6.8e-05,0.126,0.288,124.922
0.798,0.686,6,-6.382,1,0.0348,0.0944,0,0.0774,0.626,133.953
0.602,0.486,11,-10.612,1,0.0736,0.449,1.42e-06,0.448,0.386,160.116
0.453,0.374,6,-8.907,1,0.0423,0.636,3.38e-05,0.11,0.195,149.929
0.627,0.398,3,-9.665,0,0.0304,0.853,0.000106,0.362,0.347,115.977
0.481,0.345,9,-8.79,0,0.0402,0.879,0.000359,0.234,0.0848,116.869
0.504,0.418,8,-8.05,1,0.0317,0.884,8.55e-06,0.112,0.45,130.106
0.723,0.844,5,-4.371,1,0.0335,0.405,2.3e-06,0.106,0.846,140.003
0.364,0.335,6,-10.03,1,0.033,0.869,0.000578,0.142,0.25,123.966
0.427,0.417,9,-7.379,0,0.0358,0.592,0,0.18,0.304,133.792
0.72,0.215,9,-12.569,0,0.0382,0.849,9.91e-06,0.0912,0.215,116.054
0.5,0.368,9,-8.598,0,0.0333,0.498,0.000462,0.34,0.254,125.509
0.447,0.297,10,-7.109,1,0.0418,0.904,8.73e-06,0.0859,0.223,86.378
0.443,0.29,6,-10.188,1,0.0302,0.531,0,0.106,0.096,78.129
0.594,0.517,4,-6.189,1,0.032,0.766,1.83e-06,0.091,0.39,123.996
0.403,0.308,9,-9.165,0,0.0297,0.685,6.18e-06,0.201,0.251,101.383
0.536,0.325,10,-8.301,1,0.0267,0.367,2.65e-05,0.176,0.13,95.105
0.315,0.43,4,-7.707,1,0.0385,0.651,4.88e-06,0.0843,0.113,169.176
0.636,0.402,10,-7.858,1,0.0386,0.813,0,0.115,0.293,127.95
0.485,0.346,11,-10.264,0,0.0355,0.915,3.46e-05,0.116,0.259,140.096
0.49,0.321,0,-10.109,0,0.0351,0.738,0,0.19,0.25,127.943
0.62,0.487,2,-7.277,0,0.032,0.749,0,0.114,0.379,132.091
0.351,0.433,9,-7.434,0,0.0306,0.852,0.000403,0.243,0.175,107.997
0.389,0.402,7,-7.537,0,0.0319,0.838,5.85e-06,0.108,0.286,173.705
0.374,0.312,0,-8.577,0,0.0325,0.904,0,0.147,0.171,127.792
0.554,0.499,9,-7.654,0,0.0338,0.831,1.87e-05,0.12,0.197,127.896
0.55,0.435,7,-9.856,1,0.0305,0.754,0,0.0818,0.297,119.985
0.313,0.359,4,-7.766,0,0.0316,0.772,1.02e-06,0.118,0.122,171.743
0.562,0.456,2,-8.873,1,0.0297,0.574,0,0.107,0.133,123.958
0.433,0.239,1,-13.398,1,0.0317,0.89,0,0.531,0.395,109.872
0.468,0.314,9,-9.94,1,0.0383,0.85,2.15e-05,0.11,0.226,139.193
0.622,0.504,7,-8.157,1,0.0364,0.751,0.000769,0.193,0.344,151.888
0.47,0.679,7,-6.024,0,0.0473,0.729,8.19e-05,0.17,0.366,139.886
0.418,0.451,4,-6.487,0,0.035,0.85,7.9e-05,0.166,0.135,133.594
0.445,0.538,7,-8.099,1,0.0667,0.444,0.000517,0.387,0.335,89.959
0.733,0.401,7,-12.366,1,0.0453,0.411,8.99e-05,0.34,0.14,90.007
0.695,0.475,1,-9.685,1,0.0378,0.337,0,0.437,0.747,109.961
0.452,0.415,6,-6.667,1,0.0392,0.807,0,0.114,0.241,125.935
0.492,0.502,3,-6.864,1,0.0542,0.798,0.00474,0.0974,0.395,171.607
0.672,0.461,0,-7.989,1,0.0324,0.888,1.14e-06,0.107,0.395,123.97
0.573,0.609,2,-7.942,0,0.14,0.752,0.0169,0.101,0.2,113.56
0.418,0.382,3,-7.778,1,0.0319,0.786,1.38e-06,0.386,0.261,163.878
0.581,0.396,1,-8.73,1,0.031,0.92,0.000729,0.123,0.377,76.991
0.695,0.687,3,-5.521,1,0.0491,0.526,0.00111,0.162,0.673,80.02
0.538,0.212,9,-9.91,1,0.0418,0.934,0,0.0893,0.416,132.216
0.789,0.639,0,-5.204,1,0.044,0.17,2.48e-05,0.162,0.799,119.981
0.562,0.498,7,-6.742,1,0.0316,0.841,2.53e-05,0.12,0.113,139.897
0.486,0.334,2,-8.769,1,0.0371,0.917,2.26e-05,0.101,0.106,123.901
0.5,0.652,7,-7.335,0,0.0812,0.712,5.85e-06,0.415,0.177,139.877
0.453,0.344,9,-8.108,1,0.0333,0.902,0.000121,0.143,0.195,136.044
0.589,0.433,5,-7.803,1,0.0374,0.843,7.22e-05,0.0915,0.259,127.888
0.576,0.657,10,-7.797,1,0.0473,0.487,3.92e-06,0.131,0.337,109.47
0.421,0.425,6,-8.667,1,0.0537,0.779,0,0.0915,0.465,203.774
0.34,0.446,0,-9.383,0,0.0479,0.969,0.000454,0.128,0.149,177.284
0.695,0.545,4,-5.664,0,0.0427,0.711,3.72e-06,0.241,0.419,119.888
0.667,0.496,10,-6.573,1,0.0496,0.856,0,0.324,0.329,127.893
0.504,0.548,1,-8.053,1,0.0323,0.821,2.99e-06,0.328,0.342,165.912
0.565,0.146,10,-12.109,0,0.029,0.963,3.03e-06,0.159,0.642,89.924
0.721,0.737,10,-7.757,1,0.133,0.663,0,0.664,0.522,128.053
0.689,0.438,5,-8.891,1,0.156,0.771,1.42e-05,0.105,0.653,171.834
0.668,0.643,1,-5.872,1,0.0322,0.346,0.0016,0.115,0.0892,99.982
0.741,0.748,6,-5.984,1,0.0298,0.709,0,0.123,0.495,113.953
0.613,0.449,7,-10.786,1,0.114,0.454,0,0.186,0.191,173.988
0.71,0.414,7,-10.644,0,0.0525,0.903,5.65e-05,0.134,0.161,118.06
0.554,0.433,7,-8.846,1,0.0581,0.891,0.0841,0.294,0.324,75.025
0.696,0.477,6,-11.058,0,0.0421,0.671,0.000367,0.0938,0.335,140.112
0.484,0.325,9,-11.55,1,0.0704,0.942,1.11e-05,0.0961,0.164,184.983
0.566,0.519,10,-8.858,1,0.0465,0.721,5.36e-05,0.117,0.155,130.008
0.643,0.426,5,-9.858,1,0.0368,0.858,0.00149,0.105,0.168,124.955
0.874,0.746,0,-6.197,0,0.0449,0.208,0.0069,0.0796,0.884,128.009
0.845,0.75,0,-5.013,0,0.0367,0.501,0.00104,0.0703,0.86,97.007
0.812,0.902,0,-4.252,1,0.0463,0.529,0.118,0.159,0.851,125.282
0.723,0.527,3,-6.355,0,0.0379,0.613,0.0265,0.385,0.497,99.965
0.666,0.492,7,-8.214,0,0.0504,0.681,0.00436,0.131,0.683,87.996
0.706,0.776,9,-4.41,0,0.189,0.0927,0,0.19,0.747,160.026
0.787,0.838,1,-4.646,1,0.042,0.193,1.37e-06,0.235,0.811,113.969
0.923,0.64,10,-5.821,0,0.0872,0.19,0,0.055,0.563,140.047
0.707,0.851,0,-3.684,1,0.0654,0.465,2.92e-06,0.138,0.738,155.966
0.631,0.377,2,-12.103,1,0.0318,0.41,0.000232,0.105,0.178,129.946
0.524,0.663,11,-5.473,1,0.0729,0.692,8.54e-05,0.0824,0.568,93.381
0.848,0.432,0,-10.262,0,0.0385,0.761,2.5e-05,0.149,0.656,120.0
0.4,0.0725,0,-15.25,1,0.0317,0.778,0.000192,0.379,0.394,98.387
0.534,0.523,7,-8.533,1,0.0318,0.714,1.89e-05,0.225,0.433,159.916
0.377,0.338,8,-8.584,1,0.0324,0.867,0.00412,0.0868,0.401,145.289
0.695,0.649,6,-6.933,1,0.0299,0.234,9.23e-05,0.114,0.17,105.006
0.646,0.448,10,-9.537,1,0.0348,0.583,3.12e-06,0.0972,0.356,92.935
0.394,0.384,10,-9.517,1,0.0377,0.906,0.00016,0.362,0.312,144.757
0.773,0.261,0,-10.715,1,0.0588,0.894,0.00422,0.157,0.32,110.069
0.768,0.325,7,-11.863,1,0.15,0.133,7.69e-06,0.174,0.525,76.975
0.816,0.348,6,-13.128,1,0.085,0.255,0,0.11,0.576,135.961
0.736,0.697,5,-8.883,1,0.109,0.00123,0.00148,0.0483,0.841,160.094
0.782,0.383,9,-12.702,0,0.0616,0.0522,0.000124,0.095,0.236,109.971
0.808,0.541,9,-11.864,0,0.0654,0.0992,0.00351,0.0939,0.38,114.007
0.92,0.41,11,-9.497,1,0.455,0.372,0.000595,0.126,0.861,143.034
0.755,0.677,0,-10.29,1,0.0378,0.0609,0.00539,0.135,0.921,137.94
0.819,0.707,8,-6.087,1,0.087,0.404,0,0.232,0.639,126.025
0.948,0.406,0,-11.745,1,0.13,0.0612,0,0.0745,0.903,130.015
0.792,0.308,6,-14.802,0,0.056,0.0188,0.663,0.219,0.698,122.083
0.766,0.289,0,-11.935,0,0.0458,0.493,0.000958,0.553,0.521,136.003
0.78,0.0867,7,-20.082,1,0.128,0.889,0.000889,0.108,0.394,119.802
0.578,0.835,11,-9.434,0,0.0512,0.436,0.0198,0.176,0.127,168.072
0.824,0.538,5,-7.302,0,0.0813,0.522,0,0.154,0.481,108.988
0.936,0.518,0,-6.853,0,0.173,0.0673,9.46e-05,0.0764,0.402,120.039
0.901,0.77,8,-6.616,1,0.202,0.351,0,0.334,0.965,140.145
0.756,0.744,0,-7.124,0,0.0755,0.354,3e-05,0.0991,0.593,127.995
0.915,0.676,0,-4.376,0,0.0662,0.119,0,0.0579,0.61,128.027
0.853,0.734,9,-8.15,1,0.134,0.272,0,0.152,0.43,99.959
0.778,0.781,6,-4.953,0,0.073,0.21,0,0.155,0.568,119.995
0.813,0.824,5,-4.132,1,0.252,0.188,0,0.149,0.738,108.998
0.97,0.516,0,-7.949,0,0.2,0.157,1.1e-06,0.0557,0.815,119.992
0.654,0.517,8,-10.969,1,0.072,0.639,0.00964,0.179,0.211,105.013
0.825,0.681,6,-7.882,0,0.289,0.0463,0.0166,0.112,0.656,160.029
0.802,0.648,1,-8.136,1,0.173,0.0169,0,0.121,0.43,144.955
0.778,0.737,5,-6.572,0,0.273,0.291,0.000274,0.111,0.667,141.98
0.906,0.652,6,-6.606,0,0.293,0.153,0,0.321,0.516,126.989
0.972,0.658,2,-5.711,1,0.111,0.069,0,0.104,0.107,111.967
0.919,0.652,1,-6.07,1,0.112,0.0445,0,0.114,0.096,141.977
0.746,0.64,2,-6.949,1,0.0685,0.39,0,0.366,0.56,122.081
0.374,0.338,2,-6.556,1,0.0384,0.758,0,0.0976,0.129,68.018
0.506,0.355,9,-8.394,1,0.0282,0.812,0,0.105,0.185,110.663
0.405,0.342,9,-6.54,1,0.0334,0.779,0,0.096,0.123,68.388
0.359,0.469,7,-8.06,1,0.0326,0.745,0,0.101,0.259,84.366
0.474,0.461,0,-6.292,0,0.0328,0.229,0,0.111,0.116,73.994
0.468,0.168,3,-9.557,1,0.0402,0.862,0,0.11,0.303,123.088
0.394,0.361,6,-6.682,1,0.0307,0.677,0,0.107,0.184,124.52
0.892,0.443,0,-6.178,1,0.0379,0.439,0,0.0866,0.714,107.983
0.584,0.287,1,-5.912,1,0.0287,0.816,0,0.106,0.224,136.019
0.68,0.28,9,-9.775,1,0.0508,0.811,0.909,0.096,0.15,69.993
0.61,0.418,2,-10.152,1,0.0285,0.378,1.95e-06,0.343,0.287,139.999
0.607,0.3,2,-12.331,1,0.0283,0.312,0,0.324,0.35,139.944
0.696,0.89,2,-3.174,1,0.0298,0.0947,0.0527,0.281,0.876,140.016
0.64,0.312,2,-11.927,1,0.036,0.0597,0.889,0.0725,0.333,69.998
0.74,0.237,2,-13.381,1,0.0368,0.248,7.17e-05,0.36,0.48,139.855
0.631,0.84,2,-3.879,1,0.0278,0.0198,0.000463,0.3,0.961,138.038
0.793,0.891,0,-5.02,0,0.0473,0.0373,0.822,0.337,0.677,130.005
0.724,0.897,11,-6.089,0,0.0383,0.0847,0.000984,0.364,0.879,135.019
0.573,0.416,3,-10.334,1,0.0366,0.762,0,0.144,0.285,127.996
0.629,0.329,9,-11.103,0,0.0303,0.869,0,0.108,0.473,139.826
0.61,0.827,9,-4.153,1,0.0304,0.295,0,0.116,0.184,109.942
0.653,0.884,2,-5.055,1,0.0333,0.0195,0.000879,0.396,0.891,138.008
0.675,0.859,2,-6.223,1,0.0335,0.000922,0.851,0.374,0.964,138.018
0.739,0.537,2,-7.241,0,0.0394,0.251,0,0.0998,0.379,137.97
0.523,0.525,2,-8.795,1,0.0353,0.321,0.00036,0.0565,0.235,77.813
0.617,0.667,1,-5.993,1,0.0305,0.442,0.000166,0.298,0.468,79.993
0.655,0.594,1,-7.228,1,0.0273,0.345,4.64e-05,0.187,0.557,109.985
0.653,0.356,1,-9.972,1,0.3,0.534,0.00107,0.133,0.266,75.053
0.62,0.543,1,-6.313,1,0.4,0.138,0,0.135,0.528,110.648
0.763,0.647,10,-8.253,0,0.0386,0.175,6.16e-06,0.436,0.547,121.995
0.716,0.799,3,-4.659,1,0.171,0.546,0,0.148,0.671,80.066
0.471,0.349,8,-11.854,1,0.0319,0.452,0.04,0.0978,0.244,168.012
0.651,0.541,1,-8.364,1,0.231,0.695,3.31e-06,0.406,0.204,84.086
0.627,0.591,4,-7.908,1,0.0316,0.344,0.000134,0.159,0.358,140.018
0.766,0.511,7,-7.47,1,0.0842,0.536,0,0.111,0.609,104.944
0.41,0.34,5,-14.294,0,0.0489,0.849,0.324,0.394,0.0955,92.711
0.695,0.39,10,-13.834,0,0.0287,0.65,0.241,0.633,0.476,94.993
0.744,0.535,5,-8.665,0,0.0275,0.737,0.00404,0.153,0.56,108.977
0.736,0.545,4,-6.41,0,0.0499,0.746,0.121,0.14,0.344,105.986
0.675,0.635,7,-5.266,1,0.0416,0.246,0,0.211,0.642,144.984
0.483,0.599,2,-7.564,1,0.39,0.848,2.01e-05,0.153,0.175,75.375
0.812,0.703,4,-4.499,1,0.148,0.358,0,0.105,0.554,138.019
0.783,0.476,0,-8.096,0,0.0293,0.181,0,0.0892,0.533,100.017
0.686,0.6,5,-7.399,0,0.0463,0.0186,9.09e-05,0.141,0.28,100.008
0.726,0.619,11,-7.543,0,0.317,0.42,2.61e-05,0.268,0.384,89.23
0.916,0.737,1,-5.03,0,0.147,0.257,0,0.149,0.905,139.986
0.787,0.658,8,-7.595,1,0.0325,0.65,2.31e-05,0.118,0.475,120.005
0.947,0.533,0,-7.273,1,0.189,0.185,7.42e-06,0.137,0.21,101.022
0.768,0.368,11,-13.274,0,0.047,0.329,0.105,0.284,0.365,107.998
0.645,0.566,2,-12.294,1,0.14,0.237,4.73e-06,0.418,0.556,76.876
0.86,0.766,11,-9.311,0,0.118,0.41,2.62e-05,0.121,0.844,156.055
0.678,0.482,2,-14.073,1,0.144,0.514,0,0.298,0.459,90.962
0.96,0.557,6,-9.617,0,0.109,0.175,0,0.664,0.651,129.98
0.535,0.497,7,-11.113,0,0.15,0.444,0.248,0.104,0.148,218.059
0.778,0.715,7,-5.125,1,0.0349,0.705,0.000152,0.0956,0.363,106.002
0.578,0.433,7,-15.12,1,0.201,0.664,0,0.0936,0.37,179.877
0.598,0.489,11,-8.884,0,0.0486,0.587,0,0.119,0.502,204.179
0.703,0.28,3,-9.56,1,0.0293,0.726,0.000282,0.118,0.338,141.892
0.669,0.773,10,-8.182,1,0.108,0.13,4.01e-05,0.0838,0.358,170.085
0.809,0.626,9,-7.531,0,0.0467,0.111,0,0.112,0.718,141.981
0.76,0.682,7,-8.323,0,0.0763,0.0347,0,0.101,0.552,135.043
0.766,0.785,1,-5.397,1,0.178,0.143,0,0.099,0.565,160.026
0.761,0.681,1,-9.956,1,0.341,0.321,0.0173,0.0961,0.352,149.098
0.63,0.653,8,-10.747,1,0.0341,0.00297,0.00196,0.613,0.334,137.975
0.769,0.388,11,-14.427,0,0.0508,0.624,0.029,0.31,0.611,129.99
0.803,0.524,0,-9.493,1,0.082,0.131,8.07e-06,0.199,0.614,81.004
0.857,0.511,6,-14.041,0,0.0578,0.26,4.7e-05,0.174,0.55,127.046
0.733,0.426,5,-16.53,0,0.11,0.0587,0.000351,0.15,0.32,161.024
0.77,0.371,11,-14.123,0,0.203,0.445,0.00133,0.536,0.176,92.035
0.844,0.677,6,-5.958,1,0.0564,0.171,2.34e-05,0.387,0.791,111.006
0.626,0.503,5,-8.753,1,0.0389,0.362,1.42e-06,0.0762,0.574,140.014
0.901,0.471,0,-7.223,1,0.0691,0.578,0,0.0956,0.617,124.093
0.649,0.643,5,-6.951,0,0.175,0.634,0,0.35,0.648,90.118
0.678,0.402,2,-10.757,1,0.0635,0.541,2.4e-05,0.095,0.127,105.013
0.785,0.787,7,-4.401,1,0.145,0.347,7.26e-06,0.12,0.339,95.031
0.689,0.326,7,-10.675,1,0.0372,0.751,1.27e-05,0.0975,0.395,94.984
0.356,0.519,1,-7.051,0,0.0573,0.534,0,0.0871,0.248,203.59
0.855,0.443,8,-10.965,0,0.154,0.117,0,0.0817,0.449,97.96
0.78,0.702,2,-5.178,1,0.0463,0.355,2.88e-06,0.118,0.604,110.007
0.708,0.251,3,-13.428,1,0.0477,0.803,0,0.27,0.342,126.011
0.714,0.0996,2,-18.773,1,0.0966,0.877,2.54e-06,0.082,0.5,142.812
0.61,0.378,4,-12.233,1,0.0306,0.107,0.000255,0.146,0.315,134.929
0.663,0.133,4,-15.412,1,0.0511,0.94,1.12e-06,0.127,0.632,119.973
0.546,0.168,5,-14.083,1,0.0594,0.866,9.74e-05,0.0923,0.267,174.038
0.69,0.777,2,-7.107,1,0.0357,0.0969,0.766,0.0909,0.156,127.003
0.541,0.332,4,-10.354,1,0.0381,0.688,0,0.403,0.476,128.973
0.508,0.174,7,-19.125,1,0.0749,0.939,0.000146,0.465,0.426,148.488
0.575,0.373,4,-12.941,1,0.0307,0.0311,0.846,0.108,0.153,135.018
0.771,0.438,3,-10.909,0,0.0745,0.794,0.0454,0.112,0.622,94.997
0.768,0.821,10,-8.691,0,0.0399,0.353,0.256,0.336,0.944,131.015
0.749,0.394,0,-11.061,0,0.042,0.273,0,0.139,0.272,128.013
0.57,0.626,3,-8.547,0,0.0409,0.745,0.00217,0.223,0.78,94.947
0.752,0.607,6,-7.505,1,0.0319,0.0684,0,0.335,0.739,117.978
0.75,0.742,11,-7.202,1,0.097,0.685,0,0.361,0.772,130.018
0.685,0.695,10,-7.533,0,0.0434,0.151,0.24,0.0692,0.885,134.978
0.841,0.854,3,-4.533,0,0.0345,0.0185,0.139,0.166,0.637,127.991
0.748,0.527,0,-6.471,1,0.0354,0.358,0,0.109,0.295,129.939
0.681,0.815,6,-3.928,1,0.0387,0.065,0.386,0.521,0.796,133.018
0.739,0.647,5,-8.563,1,0.244,0.125,0,0.285,0.634,147.896
0.837,0.561,9,-7.715,0,0.0379,0.372,5.14e-06,0.0561,0.454,97.02
0.689,0.859,1,-8.469,0,0.284,0.381,6.96e-05,0.638,0.194,169.956
0.854,0.715,0,-9.674,1,0.222,0.42,4.2e-05,0.573,0.79,131.925
0.847,0.431,0,-11.023,0,0.0561,0.508,0,0.0878,0.471,107.963
0.907,0.57,9,-8.185,0,0.0532,0.771,0.0166,0.104,0.582,120.042
0.849,0.821,7,-7.116,0,0.0816,0.784,1.2e-05,0.092,0.837,120.001
0.714,0.544,10,-6.885,0,0.0325,0.148,1.27e-05,0.0794,0.368,94.983
0.764,0.541,1,-8.127,0,0.0323,0.358,0.00339,0.13,0.598,115.006
0.678,0.382,1,-10.095,1,0.0308,0.812,0.00123,0.0948,0.409,110.01
0.657,0.356,3,-14.972,0,0.131,0.831,0.023,0.0971,0.438,170.023
0.681,0.651,10,-9.092,0,0.0304,0.144,0.189,0.285,0.79,140.004
0.83,0.932,10,-3.007,0,0.049,0.00264,0.0967,0.098,0.851,139.962
0.804,0.726,11,-6.957,0,0.0303,0.726,9.17e-06,0.352,0.559,117.989
0.843,0.484,5,-8.246,1,0.053,0.706,0,0.098,0.356,129.987
0.923,0.601,2,-4.692,1,0.0726,0.0644,0.000253,0.0508,0.776,129.944
0.642,0.539,6,-7.883,1,0.36,0.461,0,0.112,0.439,180.04
0.722,0.783,7,-6.877,0,0.0606,0.727,8.97e-06,0.13,0.422,119.971
0.824,0.779,7,-6.657,0,0.0509,0.464,0,0.119,0.816,103.989
0.713,0.537,7,-8.273,1,0.0894,0.602,0,0.11,0.44,142.357
0.495,0.374,6,-9.692,0,0.0406,0.934,0.00451,0.239,0.439,146.058
0.581,0.362,11,-9.459,1,0.172,0.783,0,0.234,0.307,78.808
0.586,0.596,1,-5.225,0,0.0343,0.721,0,0.0952,0.296,84.988
0.868,0.635,10,-7.308,0,0.116,0.224,0,0.111,0.822,142.042
0.515,0.754,11,-3.773,1,0.294,0.282,0,0.125,0.365,140.062
0.722,0.497,7,-9.358,0,0.554,0.216,0,0.157,0.459,176.081
0.714,0.573,6,-9.237,1,0.0391,0.387,9.14e-06,0.236,0.385,95.028
0.794,0.672,2,-8.731,0,0.0436,0.568,0,0.314,0.514,110.057
0.777,0.729,1,-4.577,0,0.0495,0.375,0,0.347,0.239,112.001
0.644,0.53,5,-7.32,1,0.0382,0.395,0,0.21,0.417,90.046
0.837,0.888,7,-2.644,1,0.135,0.0702,0,0.238,0.573,104.976
0.829,0.802,0,-6.985,0,0.187,0.36,0,0.111,0.438,136.046
0.704,0.573,0,-7.032,0,0.0518,0.737,0,0.068,0.759,127.995
0.911,0.556,9,-6.087,0,0.0633,0.174,0.0245,0.0492,0.53,130.104
0.693,0.664,5,-7.67,1,0.164,0.719,0.000329,0.11,0.529,159.833
0.726,0.679,3,-6.588,1,0.124,0.473,0,0.0921,0.454,91.991
0.824,0.429,1,-10.609,1,0.0821,0.529,0,0.118,0.541,109.964
0.658,0.375,4,-13.074,0,0.044,0.851,0,0.107,0.621,119.969
0.828,0.762,1,-5.245,1,0.0458,0.019,0,0.451,0.437,105.006
0.889,0.7,2,-7.613,0,0.0567,0.0857,0,0.0966,0.777,137.993
0.777,0.488,9,-9.53,0,0.0474,0.579,0,0.0927,0.771,130.055
0.773,0.673,8,-3.889,0,0.031,0.623,0,0.0699,0.891,110.009
0.428,0.741,5,-5.397,1,0.175,0.44,0,0.102,0.445,80.739
0.638,0.727,1,-5.958,0,0.0421,0.495,0,0.118,0.742,148.017
0.729,0.561,5,-10.968,1,0.148,0.775,0,0.209,0.696,94.045
0.787,0.58,9,-6.642,0,0.147,0.586,0.00277,0.111,0.418,123.025
0.659,0.302,2,-9.734,1,0.0321,0.888,0,0.1,0.301,99.925
0.593,0.325,6,-11.214,1,0.0296,0.957,0.219,0.286,0.442,110.068
0.663,0.344,0,-14.025,1,0.0495,0.922,0.00298,0.0916,0.469,135.904
0.85,0.337,11,-8.912,1,0.124,0.954,0,0.287,0.785,133.892
0.661,0.608,11,-8.091,1,0.0412,0.661,0.00111,0.0993,0.46,132.056
0.794,0.464,11,-7.654,1,0.0589,0.847,4.11e-06,0.181,0.479,123.942
0.738,0.422,5,-9.76,1,0.0365,0.851,0.00111,0.712,0.315,122.071
0.742,0.404,0,-8.944,1,0.0445,0.909,0.000671,0.0639,0.352,140.033
0.689,0.349,5,-7.609,1,0.0306,0.872,1.05e-05,0.0665,0.577,132.075
0.703,0.497,8,-8.892,1,0.0295,0.55,0.000403,0.0809,0.246,120.075
0.758,0.541,0,-5.904,1,0.05,0.694,0.000189,0.413,0.353,138.028
0.578,0.226,9,-14.729,1,0.0302,0.895,2.16e-06,0.128,0.323,127.832
0.573,0.354,9,-9.987,0,0.0338,0.807,0,0.0881,0.262,128.394
0.453,0.392,9,-5.505,0,0.0273,0.755,0,0.121,0.217,59.524
0.608,0.405,9,-6.005,0,0.0297,0.537,0,0.232,0.213,123.848
0.59,0.723,0,-5.197,0,0.0573,0.744,0,0.129,0.194,139.911
0.725,0.477,6,-7.191,0,0.0327,0.853,6.71e-05,0.0752,0.194,110.03
0.797,0.535,2,-6.677,1,0.0302,0.459,0,0.138,0.624,95.977
0.331,0.297,2,-13.588,1,0.0338,0.788,2.41e-06,0.0687,0.215,183.698
0.512,0.342,10,-11.075,1,0.037,0.903,0.000805,0.139,0.181,75.048
0.609,0.373,10,-5.845,1,0.0304,0.789,0,0.216,0.164,132.059
0.283,0.393,1,-8.485,1,0.0474,0.892,1.88e-06,0.101,0.298,66.47
0.681,0.516,0,-8.978,1,0.0382,0.67,0,0.213,0.498,114.038
0.63,0.595,10,-7.566,1,0.0382,0.713,0,0.126,0.508,123.906
0.538,0.384,11,-9.946,0,0.0466,0.872,7.12e-06,0.183,0.142,139.925
0.688,0.724,8,-7.775,1,0.0949,0.718,0,0.0693,0.463,121.973
0.618,0.554,6,-8.046,1,0.0557,0.705,0,0.43,0.283,131.704
0.569,0.427,6,-7.782,1,0.0297,0.513,0,0.114,0.448,124.873
0.524,0.408,6,-9.528,1,0.0314,0.356,0.728,0.123,0.175,125.032
0.671,0.497,11,-10.182,1,0.0454,0.234,0,0.345,0.521,148.009
0.678,0.458,11,-11.409,1,0.0413,0.202,0.0725,0.0839,0.335,148.014
0.754,0.49,6,-7.529,1,0.027,0.454,1.35e-06,0.126,0.755,101.978
0.778,0.407,8,-9.223,0,0.0605,0.846,2.72e-05,0.0936,0.407,100.022
0.337,0.378,9,-11.721,1,0.0535,0.816,0,0.656,0.418,83.451
0.806,0.682,1,-5.282,1,0.0392,0.0692,6.49e-06,0.66,0.604,109.999
0.627,0.762,7,-5.394,1,0.0385,0.168,5.47e-06,0.648,0.553,107.07
0.503,0.797,2,-5.035,0,0.192,0.251,0,0.208,0.32,115.661
0.597,0.705,6,-5.214,1,0.0352,0.642,0.00969,0.152,0.368,100.044
0.731,0.554,3,-6.314,1,0.0277,0.411,3.71e-05,0.0899,0.285,120.001
0.628,0.295,3,-16.838,1,0.0418,0.882,0.0739,0.114,0.314,78.968
0.648,0.354,11,-17.428,1,0.124,0.319,0,0.0917,0.604,74.998
0.487,0.272,10,-18.458,0,0.0373,0.544,0.466,0.103,0.395,154.984
0.624,0.637,6,-5.717,0,0.0464,0.309,4.93e-06,0.0551,0.241,99.905
0.695,0.363,11,-21.3,1,0.062,0.837,0.768,0.0917,0.468,75.011
0.75,0.349,0,-9.389,1,0.051,0.305,0,0.295,0.481,82.002
0.683,0.345,11,-9.824,1,0.0367,0.712,0,0.162,0.277,115.004
0.659,0.275,11,-14.607,1,0.0453,0.6,0,0.675,0.0876,109.945
0.572,0.357,8,-10.319,1,0.0276,0.779,8.28e-06,0.0943,0.44,79.939
0.503,0.342,0,-12.055,1,0.0465,0.666,5.91e-06,0.463,0.227,164.98
0.758,0.521,2,-7.499,1,0.0396,0.142,0,0.146,0.55,102.004
0.922,0.514,7,-7.703,1,0.296,0.873,2.25e-06,0.1,0.535,113.935
0.875,0.554,3,-5.275,1,0.0505,0.691,0.000666,0.112,0.746,118.012
0.73,0.262,3,-19.221,1,0.0967,0.873,0.024,0.102,0.482,109.971
0.949,0.501,8,-11.698,0,0.184,0.4,0,0.11,0.562,130.956
0.923,0.4,4,-10.41,0,0.117,0.55,4.72e-05,0.0913,0.414,134.083
0.811,0.568,7,-8.961,1,0.429,0.566,0.000137,0.12,0.489,74.754
0.798,0.659,3,-6.221,1,0.0474,0.0962,0.278,0.0764,0.806,131.978
0.711,0.292,2,-12.504,1,0.387,0.369,0.00703,0.0859,0.232,169.949
0.894,0.615,3,-5.291,1,0.0435,0.32,0.000484,0.0859,0.953,117.963
0.695,0.44,6,-8.482,1,0.0332,0.678,0.00137,0.103,0.225,115.009
0.875,0.45,7,-6.277,0,0.0483,0.17,7.17e-06,0.106,0.454,94.999
0.602,0.486,6,-7.115,1,0.0368,0.562,2.43e-05,0.187,0.501,75.017
0.803,0.329,9,-7.728,1,0.181,0.095,0,0.0875,0.501,182.049
0.868,0.428,8,-6.81,1,0.0461,0.607,0.000234,0.183,0.547,139.993
0.635,0.236,7,-13.143,0,0.102,0.882,0.616,0.335,0.216,157.92
0.714,0.202,11,-11.438,1,0.0433,0.894,0.118,0.171,0.313,97.985
0.805,0.498,0,-6.041,0,0.0385,0.566,3.72e-05,0.114,0.521,95.033
0.466,0.512,5,-9.242,0,0.0889,0.137,0.0296,0.104,0.31,80.911
0.736,0.111,6,-21.685,1,0.0391,0.695,0.0833,0.347,0.213,121.968
0.772,0.519,9,-10.351,1,0.0409,0.639,0.00203,0.101,0.628,120.038
0.509,0.483,1,-7.386,1,0.0491,0.871,7.29e-06,0.101,0.387,185.915
0.86,0.468,11,-11.943,1,0.0834,0.581,0.0111,0.102,0.593,130.027
0.742,0.473,10,-13.756,1,0.0617,0.897,0.313,0.235,0.375,89.99
0.713,0.4,8,-13.824,1,0.0337,0.632,0.00268,0.147,0.544,108.03
0.61,0.409,2,-10.828,1,0.0448,0.67,0,0.322,0.431,174.043
0.834,0.437,4,-8.201,0,0.0506,0.738,0.00148,0.389,0.684,90.009
0.626,0.718,0,-7.779,0,0.0558,0.386,2.77e-06,0.112,0.428,153.99
0.869,0.612,8,-8.084,1,0.231,0.788,3.17e-05,0.101,0.645,142.059
0.909,0.622,6,-10.213,0,0.274,0.469,0,0.0894,0.666,87.481
0.391,0.084,0,-17.843,1,0.0317,0.953,0,0.0983,0.111,79.449
0.351,0.296,4,-10.109,0,0.0333,0.934,0,0.095,0.12,115.284
0.475,0.37,4,-7.725,0,0.0361,0.819,0.0577,0.0841,0.157,144.828
0.516,0.254,9,-16.027,0,0.0589,0.816,0.855,0.189,0.304,56.829
0.367,0.111,4,-14.084,1,0.0972,0.978,3.97e-05,0.0897,0.198,82.642
0.332,0.225,0,-8.697,1,0.0348,0.767,0.00349,0.128,0.297,81.055
0.704,0.225,6,-14.454,0,0.0994,0.902,0.657,0.106,0.243,120.006
0.701,0.425,7,-10.965,1,0.375,0.328,0.13,0.1,0.562,135.128
0.412,0.236,4,-15.159,0,0.0379,0.83,0.00653,0.147,0.119,140.214
0.893,0.4,11,-7.981,0,0.0643,0.0452,0.0823,0.0632,0.945,124.987
0.897,0.535,6,-10.331,0,0.287,0.00455,0,0.085,0.429,81.998
0.706,0.502,0,-9.353,0,0.138,0.143,0,0.137,0.644,142.025
0.809,0.42,8,-14.145,1,0.319,0.654,2.91e-06,0.116,0.521,148.048
0.646,0.811,1,-8.32,1,0.364,0.0712,9.97e-06,0.0876,0.602,147.979
0.945,0.475,11,-11.178,0,0.236,0.0823,0,0.162,0.723,130.03
0.722,0.79,1,-5.606,0,0.254,0.221,0,0.325,0.617,141.763
0.726,0.422,7,-11.722,1,0.136,0.7,0.0112,0.183,0.328,130.039
0.69,0.291,4,-16.499,1,0.0515,0.207,1.06e-06,0.205,0.584,139.126
0.576,0.444,2,-11.141,0,0.028,0.136,0.000849,0.234,0.286,135.948
0.69,0.279,1,-18.617,1,0.121,0.47,0.915,0.109,0.27,73.998
0.639,0.771,8,-7.032,0,0.209,0.0312,0,0.246,0.505,166.117
0.843,0.73,4,-8.585,0,0.237,0.149,0,0.141,0.732,152.077
0.742,0.767,9,-9.006,1,0.354,0.232,0,0.108,0.323,148.014
0.832,0.774,7,-7.336,1,0.314,0.219,0,0.116,0.67,156.04
0.752,0.69,6,-10.928,0,0.17,0.0775,0,0.225,0.349,137.914
0.766,0.7,9,-7.627,1,0.256,0.254,0,0.148,0.389,142.045
0.797,0.742,5,-10.813,0,0.194,0.443,0,0.0653,0.647,143.015
0.721,0.413,7,-12.34,1,0.0319,0.46,0.373,0.115,0.194,98.262
0.603,0.336,5,-15.145,1,0.218,0.0916,0,0.11,0.606,151.759
0.756,0.374,8,-16.765,1,0.131,0.188,0,0.0988,0.692,154.998
0.852,0.754,7,-7.46,0,0.393,0.0908,0,0.152,0.726,73.486
0.728,0.614,11,-12.284,1,0.246,0.105,0.000211,0.107,0.629,142.043
0.699,0.321,1,-11.273,1,0.0568,0.188,0.559,0.109,0.438,89.988
0.793,0.416,6,-11.869,1,0.0946,0.0935,0.693,0.102,0.442,183.953
0.575,0.217,3,-9.938,0,0.0381,0.499,0.00413,0.138,0.0344,95.023
0.597,0.549,7,-10.067,0,0.0294,0.882,0.0054,0.105,0.106,92.02
0.806,0.743,0,-5.692,1,0.0472,0.117,0,0.115,0.575,154.021
0.785,0.622,8,-8.908,0,0.323,0.082,0.000335,0.0667,0.716,139.895
0.634,0.693,3,-7.909,0,0.141,0.511,0,0.3,0.646,139.967
0.641,0.608,8,-9.29,0,0.0497,0.34,0,0.136,0.5,154.962
0.859,0.653,5,-7.451,0,0.159,0.381,0,0.11,0.681,144.917
0.897,0.655,1,-9.046,0,0.296,0.0163,0,0.0552,0.522,134.981
0.843,0.831,2,-7.482,1,0.109,0.32,0,0.0669,0.36,118.075
0.443,0.306,2,-12.22,1,0.0327,0.292,1.77e-05,0.216,0.432,151.495
0.709,0.643,2,-4.994,1,0.0469,0.447,0,0.321,0.359,135.941
0.53,0.0787,11,-21.185,1,0.0291,0.951,0.00873,0.0951,0.186,89.275
0.871,0.52,10,-8.692,0,0.0356,0.236,0.0678,0.0822,0.34,131.988
0.777,0.721,6,-5.06,1,0.047,0.374,0.000212,0.0764,0.211,95.049
0.7,0.527,6,-7.367,1,0.0298,0.462,0.0077,0.153,0.32,127.018
0.777,0.53,5,-11.434,1,0.0391,0.34,0.192,0.122,0.252,120.008
0.757,0.584,10,-13.131,0,0.0748,0.279,0.000247,0.0657,0.286,125.048
0.716,0.559,2,-5.716,1,0.0421,0.525,1.92e-06,0.11,0.283,135.902
0.786,0.412,8,-8.717,0,0.0523,0.749,0.00249,0.101,0.537,119.897
0.816,0.471,2,-8.061,1,0.0633,0.716,3.12e-05,0.0869,0.402,109.013
0.709,0.415,10,-8.765,1,0.026,0.858,7.01e-05,0.158,0.232,102.982
0.396,0.474,8,-7.822,0,0.0889,0.652,1.72e-05,0.141,0.389,90.068
0.385,0.578,11,-9.391,0,0.125,0.762,7.77e-05,0.283,0.363,75.085
0.757,0.671,9,-6.33,0,0.0737,0.555,0,0.114,0.424,95.027
0.926,0.394,4,-14.257,0,0.176,0.336,0,0.128,0.41,104.979
0.71,0.846,0,-4.37,0,0.0475,0.604,0.00613,0.101,0.551,110.031
0.786,0.679,11,-6.171,0,0.0699,0.56,0,0.0658,0.58,104.976
0.231,0.458,2,-5.796,1,0.0334,0.631,3.37e-05,0.0733,0.254,185.574
0.552,0.373,2,-7.368,1,0.0344,0.834,0.0266,0.096,0.264,106.936
0.513,0.284,2,-13.584,0,0.0435,0.833,0,0.0879,0.171,131.829
0.617,0.643,2,-6.91,1,0.0669,0.63,1.74e-05,0.347,0.494,81.97
0.662,0.266,2,-7.556,1,0.0309,0.862,0,0.0867,0.298,84.928
0.458,0.289,3,-9.86,1,0.0448,0.771,0,0.0962,0.369,179.809
0.346,0.295,1,-10.428,1,0.0319,0.532,0,0.0863,0.359,140.309
0.526,0.364,4,-9.021,1,0.039,0.784,0,0.109,0.181,124.739
0.44,0.35,5,-8.33,0,0.03,0.861,1.26e-05,0.159,0.331,145.758
0.626,0.428,3,-8.746,1,0.0386,0.802,0,0.0754,0.309,130.025
0.496,0.433,0,-7.809,1,0.0388,0.792,0,0.102,0.492,172.0
0.475,0.222,11,-10.435,1,0.0309,0.896,0,0.111,0.358,169.807
0.824,0.171,4,-15.871,0,0.0527,0.857,0,0.107,0.693,100.036
0.612,0.463,2,-9.185,1,0.0765,0.663,2.44e-05,0.638,0.642,143.981
0.702,0.177,11,-17.406,1,0.0516,0.807,0,0.109,0.54,87.083
0.811,0.276,7,-14.892,1,0.042,0.785,2.83e-06,0.128,0.704,95.021
0.844,0.153,9,-13.754,1,0.0414,0.595,9.84e-05,0.122,0.365,110.024
0.707,0.353,6,-13.412,1,0.0339,0.8,8.11e-06,0.0873,0.364,119.987
0.814,0.24,7,-11.598,1,0.0771,0.745,1.01e-06,0.225,0.341,100.036
0.422,0.131,7,-13.046,1,0.0472,0.968,6.31e-06,0.101,0.514,173.718
0.576,0.18,9,-14.24,1,0.0317,0.908,0,0.0863,0.4,129.874
0.48,0.334,1,-12.37,1,0.0331,0.588,4.1e-06,0.114,0.319,144.163
0.804,0.742,4,-5.845,1,0.0783,0.431,0,0.212,0.532,117.004
0.561,0.195,11,-12.572,1,0.0375,0.879,0,0.0979,0.392,105.213
0.888,0.661,11,-8.951,0,0.331,0.336,0.000142,0.0614,0.398,105.052
0.648,0.4,11,-8.786,1,0.0307,0.7,2.44e-06,0.157,0.208,123.954
0.506,0.297,1,-12.335,1,0.034,0.857,0,0.172,0.685,164.193
0.611,0.441,5,-5.849,1,0.0333,0.871,0,0.103,0.301,134.012
0.483,0.346,0,-8.35,1,0.0407,0.882,0,0.107,0.148,124.83
0.425,0.222,4,-10.585,1,0.0447,0.919,0.000179,0.107,0.232,129.847
0.701,0.76,0,-5.478,1,0.0285,0.107,6.54e-05,0.185,0.69,103.969
0.791,0.694,6,-4.332,0,0.0335,0.0736,1.75e-06,0.0958,0.826,123.508
0.74,0.697,8,-4.912,1,0.034,0.0268,0,0.224,0.732,138.992
0.386,0.592,11,-7.299,1,0.374,0.363,0,0.117,0.161,146.879
0.681,0.798,2,-4.367,1,0.0375,0.00398,5.11e-06,0.0542,0.516,105.99
0.522,0.697,1,-5.288,0,0.103,0.0291,0,0.319,0.235,169.775
0.672,0.803,3,-5.061,0,0.049,0.0111,0,0.0782,0.578,120.058
0.543,0.854,7,-4.4,0,0.172,0.00397,0,0.0335,0.644,144.037
0.515,0.387,7,-10.614,1,0.192,0.757,0,0.622,0.408,86.313
0.721,0.457,0,-6.916,1,0.159,0.308,0,0.258,0.63,129.98
0.48,0.461,4,-9.914,1,0.0333,0.78,0,0.162,0.523,71.944
0.713,0.482,10,-5.741,1,0.0507,0.462,0,0.083,0.452,92.951
0.655,0.532,2,-6.298,1,0.0683,0.822,0,0.143,0.421,138.942
0.627,0.459,0,-6.583,1,0.0481,0.775,0,0.0744,0.728,139.881
0.65,0.628,2,-6.879,1,0.0645,0.534,0,0.28,0.554,79.069
0.639,0.51,6,-6.921,1,0.0796,0.791,1.82e-06,0.0902,0.654,88.898
0.699,0.486,4,-7.324,1,0.0419,0.598,0,0.114,0.608,98.013
0.646,0.652,7,-5.493,1,0.0419,0.577,0,0.128,0.438,83.132
0.584,0.468,0,-5.144,1,0.0271,0.67,0,0.126,0.767,92.987
0.572,0.446,5,-5.569,1,0.0374,0.718,0,0.221,0.475,173.907
0.746,0.686,11,-5.111,0,0.0521,0.643,0,0.107,0.594,129.945
0.732,0.701,6,-6.197,1,0.109,0.348,1.94e-05,0.107,0.654,138.958
0.682,0.708,5,-4.804,1,0.0625,0.628,4.52e-06,0.184,0.669,154.96
0.585,0.708,5,-7.2,0,0.0442,0.0155,0,0.112,0.407,150.143
0.68,0.517,1,-7.035,0,0.0392,0.541,0,0.0832,0.347,101.975
0.639,0.672,4,-4.294,1,0.0453,0.606,0,0.27,0.655,123.03
0.578,0.662,0,-3.533,1,0.0557,0.446,0,0.129,0.488,76.04
0.602,0.629,11,-7.168,0,0.0426,0.233,0,0.117,0.363,149.952
0.652,0.482,8,-5.959,1,0.0266,0.477,0,0.118,0.662,83.009
0.818,0.707,5,-5.178,0,0.108,0.166,0,0.161,0.589,133.059
0.705,0.849,0,-2.595,1,0.0493,0.0647,0,0.653,0.609,125.976
0.886,0.781,5,-1.837,0,0.333,0.0895,0,0.0715,0.672,104.996
0.613,0.73,10,-3.645,0,0.122,0.00875,2.25e-06,0.268,0.576,160.051
0.581,0.8,1,-2.613,1,0.411,0.154,0,0.0697,0.709,119.872
0.689,0.771,5,-3.618,1,0.0548,0.00776,0,0.521,0.482,157.052
0.596,0.98,7,-3.786,1,0.0709,0.0744,0,0.349,0.675,128.934
0.812,0.89,6,-2.661,0,0.209,0.0961,0,0.0222,0.69,100.006
0.601,0.786,1,-3.706,1,0.234,0.213,0,0.209,0.79,172.156
0.707,0.74,11,-4.311,0,0.0509,0.179,0,0.612,0.336,127.974
0.728,0.563,1,-8.053,0,0.134,0.621,0,0.179,0.352,100.017
0.689,0.481,10,-7.503,1,0.0815,0.369,1.03e-06,0.0649,0.283,80.025
0.775,0.613,3,-4.586,0,0.0542,0.109,2.33e-05,0.134,0.797,100.066
0.881,0.592,2,-4.898,1,0.0324,0.619,1.32e-05,0.0901,0.719,101.058
0.667,0.613,1,-5.353,1,0.0344,0.403,0,0.115,0.47,91.024
0.689,0.627,6,-5.692,1,0.308,0.105,0.000321,0.0905,0.905,184.008
0.795,0.616,1,-5.281,0,0.06,0.417,0,0.349,0.815,110.015
0.749,0.535,4,-6.785,1,0.0336,0.0131,3.65e-05,0.0982,0.601,123.042
0.696,0.517,2,-8.379,0,0.0366,0.364,0,0.197,0.23,112.291
0.849,0.699,1,-5.106,0,0.0436,0.0982,0.000215,0.068,0.927,138.003
0.804,0.731,1,-6.88,0,0.09,0.104,2.11e-06,0.0969,0.663,138.014
0.856,0.5,11,-9.393,1,0.18,0.487,0,0.104,0.886,135.03
0.869,0.376,11,-8.458,0,0.364,0.112,5.81e-05,0.111,0.879,148.019
0.722,0.388,2,-5.173,1,0.0348,0.000403,6.18e-05,0.113,0.104,141.988
0.773,0.646,0,-6.425,0,0.113,0.346,0,0.108,0.519,141.072
0.869,0.586,11,-4.459,0,0.143,0.17,0,0.0755,0.876,118.987
0.874,0.499,3,-6.392,1,0.0506,0.0207,7.65e-06,0.531,0.389,124.924
0.733,0.508,6,-7.343,1,0.031,0.298,0,0.149,0.333,106.968
0.807,0.669,4,-6.098,0,0.0719,0.247,9.12e-05,0.306,0.814,150.035
0.505,0.499,2,-9.134,1,0.0309,0.425,0.0852,0.0574,0.237,77.767
0.733,0.77,5,-6.177,1,0.0667,0.555,0.00417,0.485,0.634,132.041
0.766,0.647,6,-6.191,0,0.0914,0.489,0.000313,0.0949,0.821,136.941
0.496,0.334,6,-12.978,0,0.06,0.841,0.0119,0.104,0.355,99.781
0.59,0.392,4,-10.182,0,0.0393,0.813,0.395,0.175,0.329,91.459
0.593,0.652,9,-9.28,0,0.0561,0.118,0.00972,0.272,0.403,131.781
0.787,0.727,8,-8.215,1,0.183,0.387,0.015,0.133,0.3,132.057
0.844,0.576,1,-5.313,1,0.0454,0.0762,0.00143,0.0861,0.266,127.956
0.707,0.234,10,-13.107,1,0.0284,0.871,0.000143,0.145,0.456,90.013
0.787,0.583,11,-5.685,1,0.0334,0.0999,0,0.0691,0.96,130.038
0.694,0.0787,1,-14.871,1,0.0428,0.98,0.00857,0.0743,0.194,115.206
0.632,0.243,1,-10.526,1,0.0326,0.982,0.393,0.0839,0.169,115.109
0.762,0.695,8,-5.574,0,0.0489,0.537,0,0.0869,0.458,129.98
0.748,0.491,4,-11.804,1,0.0422,0.555,6.31e-05,0.126,0.685,140.006
0.753,0.618,1,-8.185,1,0.0258,0.0939,0.000367,0.118,0.534,109.009
0.635,0.525,1,-9.092,1,0.0418,0.659,0,0.119,0.14,105.019
0.704,0.826,6,-6.463,0,0.075,0.113,0,0.271,0.75,140.042
0.703,0.587,6,-7.843,1,0.0741,0.164,0,0.106,0.689,76.46
0.584,0.78,6,-6.666,0,0.0418,0.0188,0,0.336,0.365,149.955
0.736,0.465,1,-13.326,0,0.0581,0.573,0.00017,0.245,0.611,139.987
0.694,0.722,8,-6.694,1,0.0498,0.326,0,0.167,0.755,141.968
0.94,0.459,11,-10.816,0,0.127,0.153,0.000103,0.112,0.362,115.986
0.666,0.661,10,-8.001,0,0.0997,0.194,0.000373,0.539,0.186,98.714
0.968,0.702,1,-7.305,1,0.122,0.0786,0.00169,0.104,0.551,122.982
0.91,0.565,6,-8.37,0,0.0773,0.43,4.55e-05,0.08,0.797,132.017
0.812,0.541,1,-9.797,1,0.209,0.484,0.000137,0.103,0.294,89.997
0.855,0.457,4,-10.438,0,0.165,0.577,1.9e-05,0.123,0.174,104.986
0.757,0.261,1,-13.513,1,0.0351,0.78,4.86e-06,0.169,0.679,95.974
0.781,0.608,8,-8.452,1,0.0408,0.217,3.63e-05,0.158,0.609,101.017
0.596,0.436,3,-9.504,1,0.0277,0.52,3.76e-06,0.122,0.348,132.042
0.652,0.332,2,-10.801,1,0.0293,0.331,0,0.116,0.298,113.904
0.504,0.698,7,-6.958,1,0.0273,0.0248,0.00089,0.109,0.421,98.021
0.387,0.262,4,-12.608,1,0.033,0.769,9.71e-05,0.12,0.288,139.369
0.652,0.333,2,-10.017,1,0.0293,0.336,0,0.221,0.49,105.057
0.641,0.866,11,-5.269,1,0.0274,0.00779,0,0.142,0.647,113.999
0.544,0.307,1,-10.531,1,0.0263,0.814,0,0.113,0.329,149.877
0.537,0.153,9,-14.646,1,0.0306,0.862,0,0.101,0.205,132.048
0.593,0.263,7,-12.102,0,0.0384,0.918,1.04e-06,0.104,0.466,119.645
0.477,0.337,7,-10.661,0,0.0291,0.814,1.37e-05,0.107,0.478,117.968
0.572,0.343,9,-10.5,1,0.028,0.586,1.11e-06,0.0944,0.306,130.003
0.325,0.466,7,-6.287,0,0.0298,0.399,4.04e-05,0.0805,0.0959,173.834
0.711,0.306,2,-8.719,0,0.0294,0.817,0,0.315,0.491,97.988
0.666,0.657,1,-4.966,0,0.0311,0.451,5.27e-06,0.653,0.483,130.042
0.675,0.565,9,-5.456,1,0.0514,0.565,0,0.185,0.515,82.996
0.279,0.382,6,-10.083,0,0.0294,0.892,0.0024,0.209,0.309,145.227
0.41,0.329,3,-11.155,1,0.0476,0.667,9.82e-06,0.137,0.0709,124.951
0.681,0.655,6,-7.563,0,0.0762,0.208,0,0.128,0.418,157.04
0.538,0.632,11,-6.883,1,0.0367,0.744,0,0.0679,0.385,139.951
0.601,0.409,5,-12.23,1,0.0361,0.558,4.14e-05,0.229,0.389,118.026
0.579,0.321,3,-11.249,1,0.0275,0.676,0,0.0502,0.439,106.975
0.406,0.188,5,-16.373,1,0.0362,0.815,0.000853,0.0958,0.364,125.721
0.475,0.293,2,-11.366,0,0.0319,0.8,5.28e-06,0.0639,0.288,114.166
0.596,0.531,6,-7.955,0,0.0592,0.842,0.656,0.0897,0.53,72.988
0.382,0.237,7,-12.465,1,0.0325,0.553,0,0.0874,0.488,169.356
0.729,0.328,0,-10.77,1,0.0555,0.632,0,0.0733,0.461,125.939
0.347,0.371,10,-9.345,1,0.0324,0.546,0,0.0965,0.518,147.2
0.697,0.54,5,-7.935,1,0.0272,0.712,0,0.112,0.474,99.025
0.536,0.35,6,-10.127,1,0.0331,0.486,0,0.154,0.273,77.992
0.497,0.684,7,-5.4,1,0.0304,0.0729,0,0.269,0.465,137.808
0.55,0.332,0,-12.449,1,0.0322,0.677,1.04e-06,0.11,0.246,134.981
0.787,0.713,11,-7.794,0,0.193,0.518,0,0.198,0.282,140.074
0.532,0.458,0,-7.532,1,0.0268,0.817,0,0.0986,0.507,141.766
0.931,0.581,7,-7.103,1,0.264,0.196,0,0.111,0.364,100.991
0.715,0.445,6,-7.235,0,0.0487,0.789,0.000343,0.0903,0.285,139.914
0.578,0.319,9,-9.367,1,0.038,0.811,0,0.0813,0.35,129.861
0.573,0.447,0,-9.358,0,0.0491,0.804,0,0.181,0.33,135.9
0.435,0.395,4,-7.337,1,0.0506,0.839,0,0.111,0.246,145.688
0.574,0.271,5,-13.508,1,0.0529,0.745,1.08e-05,0.249,0.2,66.948
0.781,0.403,1,-9.687,0,0.0717,0.403,0,0.174,0.434,99.95
0.484,0.153,0,-12.549,1,0.0458,0.966,0,0.178,0.433,94.724
0.372,0.433,8,-6.401,0,0.0483,0.875,2.28e-05,0.183,0.229,93.934
0.63,0.303,1,-10.303,1,0.0395,0.824,1.58e-06,0.0988,0.28,119.893
0.688,0.566,8,-9.028,1,0.144,0.633,1.74e-05,0.133,0.353,80.87
0.681,0.227,3,-13.52,1,0.0408,0.857,0,0.122,0.288,122.027
0.634,0.325,9,-11.381,1,0.0445,0.751,0.00294,0.132,0.0822,132.048
0.319,0.506,1,-7.0,0,0.0327,0.722,0.00914,0.114,0.276,177.68
0.506,0.222,8,-11.325,1,0.0442,0.914,0,0.117,0.32,128.036
0.591,0.196,5,-11.725,1,0.0376,0.772,1.93e-05,0.114,0.376,130.125
0.878,0.68,6,-6.974,1,0.0335,0.318,0.000569,0.121,0.894,115.004
0.608,0.265,9,-9.772,1,0.0353,0.847,4.93e-06,0.118,0.365,139.977
0.244,0.347,7,-8.677,1,0.0292,0.284,2.06e-05,0.158,0.354,73.382
0.628,0.488,10,-8.469,1,0.0266,0.596,6.45e-06,0.169,0.733,108.04
0.638,0.106,3,-15.103,1,0.0424,0.955,1.1e-06,0.237,0.221,123.592
0.663,0.349,2,-12.171,1,0.0432,0.908,4.39e-06,0.248,0.261,95.047
0.694,0.413,4,-11.105,1,0.0793,0.654,0,0.107,0.144,119.886
0.668,0.124,3,-14.922,1,0.0492,0.907,0,0.373,0.335,123.873
0.634,0.177,6,-12.326,1,0.0322,0.913,0,0.09,0.283,94.069
0.46,0.311,7,-9.934,1,0.0313,0.843,9.63e-06,0.116,0.2,135.855
0.903,0.361,2,-12.79,1,0.327,0.797,1.62e-05,0.098,0.769,129.97
0.708,0.385,2,-15.141,1,0.0744,0.68,1.07e-05,0.355,0.0413,94.996
0.756,0.505,7,-7.108,1,0.0338,0.728,0,0.106,0.571,97.023
0.833,0.572,3,-7.02,1,0.09,0.766,1.03e-05,0.0994,0.846,134.768
0.482,0.38,5,-12.497,0,0.0341,0.62,0.000376,0.233,0.488,133.851
0.552,0.257,0,-11.864,1,0.0556,0.924,0.0345,0.105,0.382,120.097
0.636,0.191,9,-14.435,1,0.0438,0.943,0.000691,0.13,0.703,130.01
0.62,0.272,0,-13.731,1,0.0325,0.747,0.000595,0.123,0.324,123.99
0.464,0.101,9,-19.744,1,0.0789,0.934,5.25e-05,0.0957,0.728,58.848
0.626,0.519,10,-10.086,1,0.0271,0.783,0.000192,0.349,0.57,102.949
0.461,0.363,10,-7.752,1,0.0353,0.812,0,0.111,0.271,132.092
0.645,0.394,0,-11.273,1,0.0299,0.737,0.0146,0.388,0.364,124.015
0.634,0.489,0,-11.565,1,0.0367,0.81,0.000144,0.109,0.553,124.0
0.556,0.335,2,-13.229,1,0.0375,0.826,0.00071,0.0895,0.571,120.197
0.506,0.159,4,-14.962,1,0.0361,0.892,0.0259,0.1,0.39,129.764
0.706,0.0825,2,-16.469,0,0.0455,0.988,0.0238,0.0861,0.642,124.162
0.601,0.386,7,-11.185,1,0.0343,0.837,4.56e-05,0.0877,0.402,159.935
0.371,0.132,0,-14.547,1,0.0405,0.994,0.00433,0.142,0.385,84.419
0.501,0.0582,3,-17.716,1,0.0367,0.98,0.0124,0.158,0.512,78.861
0.611,0.259,0,-14.351,0,0.0313,0.799,1.15e-05,0.368,0.245,87.016
0.687,0.464,9,-7.673,1,0.0249,0.841,0,0.199,0.665,104.037
0.742,0.284,0,-14.235,1,0.0628,0.947,0.0176,0.0982,0.565,129.972
0.649,0.092,9,-19.182,0,0.0684,0.952,0.00782,0.19,0.181,139.972
0.536,0.206,10,-12.428,1,0.0418,0.989,0.0881,0.111,0.591,133.285
0.659,0.636,9,-9.952,1,0.0544,0.115,0.000315,0.107,0.235,154.91
0.757,0.665,8,-10.437,1,0.0569,0.0236,7.07e-06,0.122,0.452,140.018
0.491,0.26,10,-13.451,1,0.0333,0.118,0,0.113,0.211,119.932
0.785,0.407,4,-9.596,1,0.0543,0.433,0,0.375,0.796,120.031
0.658,0.379,5,-9.895,1,0.0337,0.234,0,0.0969,0.65,141.039
0.723,0.86,8,-6.304,0,0.0415,0.109,9.97e-05,0.0896,0.844,102.999
0.759,0.543,1,-8.748,1,0.314,0.526,0,0.133,0.641,160.02
0.746,0.764,1,-7.306,0,0.0414,0.0137,0.901,0.0897,0.682,103.008
0.743,0.473,9,-8.64,1,0.0429,0.653,0,0.112,0.562,87.057
0.7,0.37,6,-13.779,1,0.0651,0.651,1.53e-05,0.104,0.483,149.955
0.842,0.547,9,-8.468,0,0.11,0.766,0,0.0827,0.776,135.02
0.904,0.615,1,-8.303,0,0.186,0.48,2.76e-06,0.0905,0.902,129.005
0.624,0.567,9,-5.232,1,0.0289,0.48,0,0.179,0.386,102.054
0.49,0.485,1,-6.632,1,0.0359,0.684,0,0.12,0.329,170.063
0.555,0.406,8,-6.238,1,0.0307,0.92,0,0.323,0.123,119.956
0.743,0.445,10,-8.663,1,0.0555,0.287,0,0.375,0.353,96.023
0.526,0.406,3,-6.324,1,0.0339,0.681,0,0.0794,0.284,135.877
0.613,0.471,9,-6.77,0,0.0337,0.638,0,0.148,0.596,62.957
0.586,0.413,2,-7.455,1,0.035,0.693,0,0.128,0.356,114.317
0.704,0.557,7,-7.965,1,0.0303,0.815,0,0.106,0.65,110.035
0.624,0.415,0,-6.528,1,0.0326,0.711,0,0.0912,0.161,103.89
0.734,0.597,7,-8.465,1,0.0438,0.862,6.77e-05,0.126,0.37,115.07
0.82,0.452,2,-12.774,0,0.224,0.726,0,0.114,0.626,90.027
0.602,0.515,5,-8.92,0,0.441,0.626,2.5e-05,0.109,0.173,96.051
0.707,0.444,6,-11.786,0,0.0496,0.567,0,0.112,0.336,135.06
0.963,0.284,9,-16.206,1,0.529,0.161,1.79e-05,0.0847,0.244,120.06
0.9,0.664,5,-9.248,0,0.332,0.163,0,0.0937,0.843,90.002
0.719,0.233,6,-19.703,0,0.52,0.511,0,0.261,0.472,85.022
0.776,0.733,0,-7.798,1,0.322,0.0333,0,0.0846,0.655,128.195
0.6,0.557,9,-9.119,0,0.0357,0.411,0.00393,0.117,0.499,144.021
0.609,0.488,6,-10.314,0,0.0315,0.344,0.0741,0.103,0.249,117.099
0.475,0.617,9,-5.973,0,0.123,0.135,2.33e-05,0.0633,0.319,170.139
0.726,0.502,1,-9.3,0,0.039,0.247,0.00195,0.309,0.627,152.99
0.563,0.459,9,-9.098,0,0.0466,0.553,0,0.104,0.539,72.925
0.681,0.432,5,-10.476,0,0.0303,0.302,0.752,0.0924,0.178,117.012
0.719,0.581,9,-7.977,0,0.0393,0.586,0.0016,0.113,0.38,144.981
0.67,0.594,10,-10.599,0,0.0477,0.41,0,0.0807,0.645,102.034
0.628,0.659,6,-9.4,1,0.0331,0.405,0.0564,0.132,0.711,157.993
0.774,0.617,8,-6.706,1,0.0292,0.711,0,0.105,0.711,127.982
0.708,0.42,11,-9.624,1,0.0715,0.825,4.01e-06,0.0925,0.47,144.948
0.818,0.606,4,-8.537,1,0.0395,0.676,0.00016,0.116,0.523,127.049
0.753,0.669,10,-5.734,1,0.214,0.482,1.74e-06,0.115,0.746,186.097
0.598,0.464,2,-7.839,1,0.0374,0.755,0,0.238,0.371,174.002
0.915,0.486,2,-7.799,0,0.0733,0.575,0.00357,0.157,0.617,104.008
0.75,0.508,8,-9.328,1,0.036,0.68,0.00167,0.0785,0.509,89.996
0.772,0.374,4,-10.014,1,0.0552,0.789,0,0.106,0.479,126.899
0.629,0.55,7,-8.394,1,0.0543,0.167,0.0271,0.132,0.295,90.01
0.699,0.375,11,-12.02,1,0.0384,0.773,0.000152,0.104,0.27,144.016
0.828,0.617,1,-8.069,0,0.15,0.0762,0,0.0784,0.529,103.057
0.811,0.684,2,-5.533,1,0.114,0.584,2.49e-06,0.269,0.285,100.017
0.736,0.449,6,-12.475,1,0.0697,0.229,0.00464,0.144,0.207,98.999
0.627,0.333,0,-13.06,1,0.0508,0.905,0,0.11,0.517,135.868
0.65,0.662,11,-4.88,1,0.18,0.348,0,0.412,0.918,172.155
0.683,0.714,1,-7.414,1,0.0485,0.0251,8.3e-06,0.134,0.844,154.013
0.791,0.444,0,-7.779,0,0.0442,0.641,0,0.108,0.222,108.016
0.798,0.528,0,-9.064,0,0.0332,0.769,0,0.211,0.764,120.019
0.783,0.546,1,-13.669,1,0.303,0.156,1.29e-06,0.11,0.568,89.955
0.895,0.666,11,-7.557,0,0.272,0.149,0,0.218,0.664,145.005
0.655,0.735,1,-7.013,0,0.0585,0.132,0,0.137,0.353,159.913
0.866,0.919,6,-4.623,0,0.0984,0.172,2.47e-05,0.089,0.713,136.033
0.834,0.51,10,-8.838,0,0.285,0.446,0,0.358,0.597,115.028
0.451,0.872,6,-4.233,0,0.163,0.0467,0,0.0518,0.319,102.117
0.697,0.902,0,-5.051,1,0.223,0.156,0,0.0828,0.599,139.6
0.705,0.661,7,-9.855,0,0.0535,0.119,0.00107,0.11,0.47,87.032
0.627,0.61,1,-9.414,1,0.0355,0.153,2.79e-06,0.136,0.574,155.02
0.631,0.687,4,-7.322,1,0.0333,0.0569,0,0.52,0.434,140.04
0.729,0.629,7,-7.812,1,0.0382,0.145,0,0.129,0.404,147.985
0.615,0.394,9,-13.918,0,0.0625,0.327,1.04e-05,0.0893,0.0851,95.513
0.448,0.469,2,-6.131,1,0.0388,0.724,0,0.171,0.347,82.675
0.699,0.636,11,-9.877,0,0.0802,0.197,2.36e-05,0.0895,0.378,135.998
0.695,0.654,11,-8.15,1,0.111,0.385,0,0.094,0.402,93.021
0.605,0.474,1,-12.963,0,0.34,0.865,0.000148,0.0782,0.387,149.955
0.616,0.519,9,-8.627,0,0.032,0.487,2.79e-05,0.453,0.576,113.952
0.798,0.661,4,-11.339,1,0.252,0.797,3.06e-05,0.0602,0.388,74.949
0.66,0.61,0,-9.766,1,0.0647,0.61,1.1e-05,0.132,0.178,115.059
0.694,0.573,0,-11.367,0,0.464,0.344,0,0.102,0.574,160.069
0.587,0.608,11,-6.956,1,0.0778,0.704,1.24e-05,0.346,0.188,159.819
0.772,0.43,1,-12.795,0,0.196,0.717,0,0.0816,0.709,88.002
0.665,0.539,7,-13.011,0,0.284,0.911,0.014,0.261,0.362,82.088
0.629,0.223,7,-14.863,1,0.0351,0.872,5.79e-06,0.163,0.321,119.945
0.589,0.251,0,-11.583,0,0.0305,0.838,0.000585,0.362,0.181,115.971
0.459,0.278,3,-9.404,1,0.0295,0.898,2.65e-05,0.126,0.12,116.029
0.661,0.122,7,-18.688,1,0.04,0.899,0.838,0.109,0.0997,119.998
0.762,0.673,1,-8.155,1,0.0497,0.0443,1.23e-06,0.158,0.821,140.007
0.555,0.229,11,-11.308,1,0.0316,0.744,0,0.116,0.307,123.852
0.696,0.291,6,-11.127,1,0.0408,0.941,5.24e-05,0.113,0.239,116.203
0.627,0.68,0,-6.775,0,0.0353,0.197,2.38e-06,0.309,0.406,179.951
0.644,0.151,0,-13.096,0,0.0309,0.77,0.795,0.14,0.0607,115.981
0.56,0.554,5,-7.701,1,0.0792,0.585,0,0.0999,0.611,170.987
0.643,0.398,5,-9.297,1,0.0407,0.728,3.84e-05,0.431,0.241,121.889
0.512,0.232,1,-15.72,1,0.0576,0.897,6.03e-06,0.231,0.162,125.855
0.637,0.259,7,-13.567,1,0.0364,0.776,3.48e-05,0.364,0.158,119.915
0.574,0.425,11,-9.078,1,0.0304,0.875,0.000432,0.383,0.139,79.984
0.671,0.257,7,-13.042,1,0.0404,0.593,0,0.196,0.296,129.929
0.617,0.3,6,-12.955,0,0.045,0.763,0.000645,0.323,0.166,86.007
0.599,0.498,9,-6.951,1,0.0551,0.531,0,0.343,0.253,85.985
0.629,0.329,3,-9.431,1,0.0402,0.856,1.69e-05,0.285,0.221,130.066
0.333,0.339,8,-12.718,1,0.0992,0.719,1.89e-06,0.332,0.194,205.24
0.71,0.317,4,-12.41,1,0.0537,0.435,4.3e-05,0.104,0.548,72.47
0.684,0.303,9,-11.708,1,0.0637,0.526,0,0.0773,0.38,80.032
0.635,0.378,10,-8.319,1,0.0256,0.89,0.304,0.113,0.515,89.998
0.666,0.494,0,-6.755,1,0.0284,0.643,1.55e-06,0.128,0.278,110.008
0.586,0.381,9,-12.823,1,0.0335,0.294,0.114,0.103,0.156,140.83
0.643,0.359,8,-9.19,1,0.0294,0.764,0,0.378,0.394,97.001
0.634,0.309,8,-11.225,1,0.0355,0.75,4.57e-06,0.0923,0.379,104.025
0.518,0.403,0,-8.311,1,0.0326,0.818,1.7e-06,0.146,0.194,122.967
0.711,0.59,5,-7.623,0,0.028,0.432,0,0.148,0.384,116.958
0.588,0.538,9,-8.885,1,0.0507,0.734,2.78e-06,0.11,0.318,139.891
0.592,0.307,11,-11.81,1,0.041,0.885,0,0.112,0.32,92.874
0.418,0.354,0,-7.256,1,0.0258,0.748,0,0.133,0.194,82.033
0.316,0.254,2,-8.543,1,0.0371,0.756,0,0.0898,0.179,164.507
0.618,0.305,1,-9.86,1,0.033,0.824,0.00253,0.0985,0.211,128.011
0.626,0.433,2,-6.248,0,0.0317,0.804,0,0.054,0.231,120.213
0.361,0.366,2,-10.001,0,0.0343,0.867,0.00011,0.125,0.212,130.114
0.445,0.258,11,-11.19,0,0.0365,0.86,0,0.0813,0.449,98.668
0.443,0.385,0,-10.054,1,0.0361,0.428,1.05e-06,0.0798,0.425,155.968
0.816,0.907,2,-4.611,0,0.127,0.351,1.33e-06,0.0347,0.565,100.03
0.797,0.789,10,-6.166,0,0.0355,0.0531,6.32e-06,0.0891,0.775,110.0
0.473,0.925,1,-3.988,0,0.261,0.269,0,0.169,0.435,100.047
0.294,0.325,6,-11.026,1,0.0331,0.886,2.22e-06,0.348,0.285,179.75
0.518,0.741,4,-6.504,1,0.0679,0.619,5.44e-06,0.0978,0.307,84.96
0.694,0.402,0,-8.28,1,0.0526,0.74,0,0.141,0.404,80.036
0.651,0.414,3,-9.853,1,0.0512,0.676,0,0.121,0.366,92.142
0.695,0.359,8,-8.662,1,0.069,0.654,9.02e-05,0.0921,0.616,139.729
0.814,0.461,10,-7.18,1,0.103,0.658,1.74e-06,0.305,0.564,125.981
0.61,0.458,0,-8.915,1,0.0335,0.742,3.84e-05,0.0731,0.11,96.915
0.747,0.601,4,-8.13,1,0.0399,0.303,2.71e-05,0.091,0.216,106.036
0.492,0.502,3,-6.864,1,0.0542,0.798,0.00474,0.0974,0.395,171.607
0.459,0.408,7,-12.482,1,0.0361,0.801,0.0312,0.162,0.287,150.922
0.703,0.234,5,-15.826,1,0.0353,0.93,0.0236,0.126,0.643,140.95
0.775,0.494,1,-12.86,1,0.0411,0.519,0.00549,0.111,0.749,124.804
0.76,0.59,9,-8.15,1,0.0333,0.768,0.000695,0.125,0.649,140.032
0.725,0.836,7,-4.99,1,0.0394,0.0849,0.111,0.0971,0.794,133.023
0.763,0.849,7,-4.014,1,0.0359,0.0186,0.00369,0.162,0.961,139.999
0.698,0.401,1,-14.463,1,0.0509,0.869,0.2,0.132,0.563,90.021
0.705,0.765,7,-4.932,1,0.113,0.00556,0.022,0.0764,0.889,137.99
0.597,0.308,7,-17.224,1,0.0349,0.864,0.0101,0.136,0.558,80.026
0.676,0.367,3,-11.275,1,0.0318,0.826,0,0.109,0.425,92.017
0.662,0.456,11,-11.371,1,0.0349,0.361,0.06,0.357,0.257,92.546
0.838,0.5,7,-8.15,1,0.0651,0.00035,0.475,0.0796,0.935,138.018
0.607,0.361,7,-12.294,1,0.0369,0.394,0.000324,0.341,0.212,149.978
0.543,0.813,10,-5.976,1,0.0571,0.361,0,0.192,0.485,161.102
0.705,0.618,7,-7.199,1,0.0291,0.747,0,0.461,0.854,113.975
0.851,0.347,10,-16.087,1,0.0448,0.464,2.01e-06,0.18,0.945,105.998
0.73,0.366,0,-19.125,1,0.0909,0.737,0.00113,0.0872,0.105,92.043
0.614,0.177,8,-14.757,1,0.0296,0.888,0.489,0.112,0.123,119.968
0.622,0.244,5,-18.041,1,0.0322,0.799,0,0.0692,0.348,129.959
0.477,0.467,0,-9.324,1,0.0295,0.598,0,0.196,0.292,127.974
0.45,0.474,7,-10.306,1,0.0313,0.26,0,0.081,0.27,153.994
0.73,0.487,8,-11.903,0,0.0452,0.533,0,0.212,0.672,113.049
0.793,0.874,0,-4.554,0,0.0351,0.0274,9.32e-05,0.0899,0.88,138.008
0.654,0.216,8,-10.826,1,0.0612,0.97,4.98e-05,0.201,0.551,153.488
0.448,0.462,0,-8.704,1,0.0296,0.0726,0,0.0846,0.332,163.643
0.851,0.504,10,-8.149,1,0.0519,0.367,0,0.0428,0.688,137.0
0.38,0.474,11,-6.495,1,0.0364,0.725,0.00182,0.223,0.309,179.348
0.55,0.337,3,-12.443,1,0.0283,0.788,1.36e-06,0.0847,0.488,167.94
0.629,0.406,10,-12.471,1,0.0368,0.871,0.000151,0.149,0.323,129.877
0.588,0.227,3,-14.211,1,0.0375,0.973,0.00248,0.135,0.507,128.009
0.636,0.538,5,-9.666,0,0.0272,0.346,0,0.108,0.612,135.001
0.581,0.328,7,-12.108,0,0.0331,0.968,0.211,0.0961,0.635,83.083
0.611,0.725,10,-8.593,0,0.0604,0.54,6.14e-05,0.279,0.621,87.771
0.537,0.445,8,-8.326,0,0.0538,0.943,0,0.165,0.63,185.678
0.694,0.858,5,-4.18,1,0.0327,0.0139,0.318,0.278,0.869,140.006
0.599,0.567,1,-5.128,0,0.0282,0.585,0,0.213,0.566,130.979
0.655,0.18,8,-14.867,1,0.0349,0.951,0.000306,0.11,0.541,164.073
0.661,0.448,9,-12.859,0,0.0382,0.702,8e-05,0.347,0.623,135.285
0.609,0.421,0,-12.272,0,0.0327,0.619,0.0514,0.079,0.551,119.978
0.567,0.427,3,-9.934,1,0.0412,0.914,0.0328,0.367,0.235,60.027
0.766,0.727,0,-7.951,0,0.0375,0.00557,0.709,0.363,0.892,138.02
0.597,0.453,11,-12.973,0,0.0292,0.822,0.0456,0.27,0.42,140.02
0.778,0.719,0,-8.828,0,0.039,0.00024,0.721,0.345,0.835,138.016
0.793,0.85,3,-8.446,1,0.0472,0.0135,0.657,0.16,0.965,138.071
,,,,,,,,,,
0.729,0.846,0,-7.062,0,0.0338,0.136,0.242,0.42,0.971,137.989
0.547,0.54,7,-5.746,1,0.0391,0.781,0,0.152,0.356,82.053
0.667,0.56,10,-11.068,1,0.106,0.775,4.71e-06,0.309,0.542,119.969
0.519,0.63,7,-4.652,1,0.0513,0.65,0.0073,0.352,0.116,81.648
0.509,0.522,10,-7.06,1,0.028,0.492,0,0.369,0.335,80.233
0.54,0.657,1,-4.558,0,0.0615,0.799,0,0.32,0.377,80.805
0.816,0.795,7,-6.221,1,0.0492,0.058,6.89e-06,0.385,0.816,119.973
0.588,0.599,0,-5.958,0,0.0318,0.628,6.24e-06,0.556,0.334,103.853
0.678,0.68,5,-8.713,0,0.0448,0.0842,1.7e-06,0.423,0.523,129.966
0.665,0.87,1,-3.997,0,0.0662,0.104,0,0.15,0.479,128.019
0.825,0.799,0,-8.435,0,0.0323,0.147,0.000104,0.127,0.965,129.962
0.631,0.709,5,-5.103,1,0.0333,0.555,0,0.11,0.463,104.034
0.607,0.295,6,-8.639,1,0.0287,0.893,0,0.0866,0.327,79.936
0.642,0.388,6,-7.861,1,0.0279,0.851,0,0.135,0.343,109.946
0.454,0.313,2,-6.403,1,0.0514,0.818,0,0.106,0.496,81.526
0.668,0.628,10,-6.669,1,0.0537,0.805,0,0.0899,0.466,105.987
0.611,0.224,4,-10.715,0,0.0451,0.843,0.000348,0.106,0.368,79.771
0.659,0.449,5,-7.589,1,0.0709,0.834,1.07e-05,0.0981,0.309,80.131
0.517,0.329,1,-8.699,0,0.0296,0.938,0,0.111,0.252,109.736
0.624,0.604,2,-5.438,1,0.0619,0.784,0.00869,0.108,0.354,136.077
0.661,0.416,11,-8.574,0,0.0329,0.909,0.108,0.384,0.163,120.116
0.687,0.565,9,-7.156,0,0.0435,0.638,0.000287,0.142,0.579,135.995
0.318,0.439,1,-6.776,1,0.0326,0.502,0,0.154,0.163,169.125
0.697,0.472,7,-5.729,1,0.0367,0.228,0,0.207,0.312,127.945
0.651,0.421,11,-8.936,1,0.0412,0.777,2.62e-06,0.105,0.341,172.028
0.668,0.53,2,-7.334,1,0.0338,0.622,1.33e-06,0.113,0.132,82.029
0.54,0.313,1,-10.45,1,0.031,0.674,0,0.102,0.45,99.925
0.675,0.602,0,-9.651,1,0.0728,0.108,0,0.225,0.338,150.022
0.632,0.585,6,-3.994,1,0.0242,0.753,0,0.08,0.694,138.088
0.346,0.298,6,-9.68,1,0.0421,0.911,2.52e-05,0.332,0.314,172.618
0.853,0.407,5,-8.953,1,0.0354,0.821,0.01,0.093,0.6,100.003
0.597,0.25,11,-13.037,1,0.0394,0.899,0.00202,0.117,0.146,122.947
0.631,0.606,6,-5.005,1,0.0297,0.51,0,0.0904,0.463,110.117
0.705,0.617,2,-6.637,1,0.036,0.433,0.00182,0.0472,0.394,119.923
0.739,0.369,5,-7.092,1,0.0311,0.93,2.14e-06,0.0975,0.194,122.936
0.663,0.55,9,-5.643,0,0.0582,0.682,0.000176,0.323,0.415,83.037
0.854,0.781,11,-5.101,0,0.0701,0.24,2.55e-06,0.119,0.822,137.964
0.578,0.609,6,-5.404,0,0.144,0.559,0.000163,0.091,0.701,172.116
0.803,0.835,6,-4.55,0,0.0689,0.318,0.0151,0.123,0.531,98.987
0.379,0.142,2,-14.836,1,0.0277,0.866,0.00827,0.0793,0.245,47.943
0.624,0.443,10,-11.908,1,0.0435,0.352,0.00012,0.354,0.243,99.905
0.875,0.857,0,-3.621,1,0.0896,0.296,1.14e-06,0.0995,0.966,136.002
0.265,0.148,5,-17.267,1,0.0404,0.921,0.849,0.0801,0.066,65.596
0.662,0.205,5,-14.005,0,0.0349,0.876,0.00354,0.109,0.268,139.911
0.625,0.2,2,-11.143,0,0.0433,0.901,0.000389,0.0854,0.384,74.871
0.683,0.208,1,-10.477,1,0.0417,0.944,0,0.0969,0.452,95.053
0.543,0.24,5,-15.558,1,0.0408,0.948,0.473,0.954,0.0726,75.023
0.596,0.309,3,-11.648,1,0.0354,0.774,0,0.0988,0.405,180.109
0.628,0.456,1,-11.581,1,0.04,0.639,1.65e-05,0.0953,0.619,163.958
0.917,0.415,9,-10.071,0,0.073,0.759,0.000739,0.109,0.566,120.025
0.748,0.365,1,-11.969,0,0.0367,0.658,0.00361,0.11,0.255,119.961
0.535,0.186,1,-13.618,1,0.0488,0.93,3.73e-06,0.0813,0.377,114.018
0.694,0.355,0,-11.495,1,0.0289,0.658,9.79e-06,0.113,0.319,100.003
0.689,0.579,9,-5.751,1,0.0554,0.599,4.62e-06,0.192,0.274,104.957
0.603,0.829,8,-4.49,1,0.304,0.752,0,0.357,0.602,89.982
0.508,0.565,8,-4.682,1,0.0329,0.767,0,0.084,0.218,145.79
0.88,0.61,9,-5.513,0,0.0815,0.191,0,0.059,0.661,146.003
0.835,0.488,6,-9.254,0,0.0606,0.179,1.53e-05,0.0707,0.569,128.0
0.75,0.582,7,-8.744,1,0.0576,0.72,0,0.0777,0.403,99.987
0.718,0.433,2,-7.748,0,0.0367,0.681,0,0.101,0.404,130.028
0.579,0.218,5,-9.244,1,0.0418,0.876,0,0.0979,0.354,125.861
0.623,0.286,5,-8.486,1,0.0304,0.933,0.00212,0.0825,0.421,97.67
0.635,0.622,10,-6.143,0,0.0514,0.883,2.62e-05,0.0803,0.584,117.931
0.82,0.902,11,-1.665,0,0.121,0.196,9.7e-05,0.347,0.629,100.008
0.829,0.821,7,-1.443,1,0.039,0.0933,0.102,0.118,0.525,127.968
0.771,0.767,9,-3.111,0,0.152,0.432,0.00017,0.0938,0.548,172.081
0.648,0.815,2,-5.657,1,0.097,0.0869,0,0.113,0.235,119.956
0.761,0.896,9,-3.012,1,0.0876,0.0715,0,0.114,0.237,94.997
0.58,0.956,5,-4.291,0,0.226,0.272,3.76e-05,0.369,0.549,190.201
0.741,0.758,2,-4.17,0,0.105,0.377,0,0.081,0.471,120.251
0.742,0.662,5,-4.651,1,0.0647,0.578,0,0.126,0.486,84.006
0.546,0.431,5,-9.566,1,0.0383,0.76,0,0.108,0.484,79.958
0.77,0.779,6,-4.702,1,0.0357,0.289,3.87e-05,0.13,0.775,120.006
0.708,0.502,0,-7.739,1,0.0301,0.918,0.000392,0.197,0.613,122.025
0.6,0.445,4,-12.119,0,0.472,0.739,0,0.0829,0.564,180.044
0.617,0.783,4,-4.694,0,0.028,0.627,0,0.208,0.496,117.031
0.503,0.434,0,-8.629,1,0.0431,0.67,1.11e-05,0.103,0.295,104.96
0.789,0.488,9,-5.662,0,0.297,0.32,0,0.0847,0.29,159.986
0.556,0.657,4,-4.98,1,0.221,0.624,0,0.0909,0.555,79.873
0.776,0.921,2,-3.032,0,0.0382,0.189,0,0.0621,0.598,108.961
0.81,0.822,5,-4.498,1,0.0449,0.266,0,0.0941,0.664,114.004
0.57,0.615,3,-4.449,1,0.0295,0.557,0,0.102,0.324,155.966
0.681,0.842,7,-4.726,1,0.0362,0.00518,0,0.164,0.0736,98.033
0.828,0.55,0,-5.683,0,0.0369,0.416,0,0.0881,0.493,109.997
0.79,0.423,9,-7.965,0,0.0533,0.87,0,0.149,0.726,133.961
0.669,0.376,10,-7.532,1,0.219,0.846,2.6e-05,0.158,0.566,74.973
0.649,0.301,8,-9.7,0,0.0541,0.898,0.00661,0.0928,0.269,74.999
0.665,0.245,0,-9.911,1,0.0492,0.942,6.21e-05,0.105,0.366,170.027
0.962,0.736,6,-5.32,0,0.144,0.318,0.0133,0.122,0.67,111.041
0.617,0.691,0,-4.599,0,0.0412,0.512,0,0.147,0.448,149.931
0.689,0.371,11,-11.656,1,0.048,0.77,0.00444,0.0948,0.471,160.057
0.792,0.558,4,-7.314,0,0.151,0.18,0,0.151,0.321,93.033
0.584,0.575,3,-6.702,1,0.0287,0.294,0.00117,0.176,0.196,100.016
0.758,0.773,6,-7.266,0,0.214,0.631,2.1e-06,0.114,0.907,169.996
0.778,0.514,8,-12.45,0,0.197,0.355,0.000535,0.323,0.224,94.994
0.747,0.355,11,-14.744,1,0.14,0.412,0.00684,0.12,0.432,147.624
0.891,0.28,1,-19.182,1,0.181,0.0197,0,0.0966,0.336,92.003
0.829,0.661,6,-5.67,0,0.253,0.263,6.62e-06,0.285,0.497,99.984
0.724,0.203,8,-20.418,1,0.481,0.159,0.0497,0.0846,0.474,179.879
0.856,0.332,11,-12.755,0,0.352,0.469,8.29e-05,0.134,0.71,139.973
0.892,0.218,5,-16.881,0,0.513,0.277,1.39e-05,0.0638,0.815,148.065
0.879,0.649,0,-9.902,1,0.109,0.775,0.0016,0.108,0.725,135.007
0.606,0.795,6,-5.508,1,0.25,0.374,0.000788,0.0759,0.657,189.788
0.634,0.7,5,-6.413,0,0.11,0.213,0.000744,0.0928,0.29,180.019
0.672,0.728,9,-5.317,0,0.0337,0.121,0,0.122,0.45,149.978
0.801,0.493,5,-6.675,1,0.0359,0.109,0,0.042,0.447,119.988
0.57,0.525,7,-7.589,0,0.196,0.819,3.52e-05,0.153,0.508,105.048
0.479,0.848,8,-5.533,0,0.0739,0.139,1.94e-05,0.644,0.351,191.951
0.735,0.763,6,-5.144,0,0.0476,0.383,0,0.329,0.692,95.052
0.76,0.881,10,-6.868,1,0.0548,0.0521,0.00134,0.645,0.533,120.047
0.757,0.823,5,-4.342,0,0.053,0.233,0.0981,0.324,0.794,127.986
0.843,0.735,11,-4.521,0,0.0738,0.073,0,0.0935,0.791,102.956
0.815,0.641,9,-2.669,1,0.0361,0.00907,3.04e-06,0.105,0.661,113.004
0.72,0.761,6,-3.814,1,0.0608,0.141,0.00111,0.0719,0.547,94.99
0.521,0.964,4,-2.528,0,0.0644,0.0304,0.863,0.0945,0.372,165.015
0.72,0.65,4,-7.987,0,0.0525,0.0987,3.08e-05,0.123,0.486,106.004
